seed,method,key,hv_spd,hv_eod,met
42,fedavg,fedavg|0.0,0.049242748879687964,0.09569127804992182,
42,fairtrade_dp_local,fairtrade_dp_local|3,0.1436007413013557,0.15025067215662943,True
42,fairtrade_eo_local,fairtrade_eo_local|1,0.0812032763019544,0.14949455390842406,True
42,fairtrade_eo_global,fairtrade_eo_global|1,0.07696063667949724,0.14874613986992727,True
42,fedfb,fedfb|0.1,0.12148505159583171,0.1420343286744265,True
42,fedfuel_dp,fedfuel_dp|0.025,0.13502704877681607,0.10758871789823449,True
42,fedfuel_eo,fedfuel_eo|0.1,0.09461997469351778,0.12947851773858615,True
43,fedavg,fedavg|0.0,0.05304041156303309,0.08836166770459493,
43,fairtrade_dp_local,fairtrade_dp_local|100,0.14036569738487445,0.13416479946584145,True
43,fairtrade_eo_local,fairtrade_eo_local|1,0.12205679938644008,0.12612228221518856,True
43,fairtrade_eo_global,fairtrade_eo_global|3,0.08421446043629997,0.13169012527187657,True
43,fedfb,fedfb|0.1,0.12470087474742103,0.12501234100258876,True
43,fedfuel_dp,fedfuel_dp|0.4,0.11288069764144985,0.11281236825266386,True
43,fedfuel_eo,fedfuel_eo|0.2,0.07051641907813944,0.12799982665528153,True
44,fedavg,fedavg|0.0,0.062131699024270244,0.10686095542187327,
44,fairtrade_dp_local,fairtrade_dp_local|3,0.1410039678285815,0.1448049550908776,True
44,fairtrade_eo_local,fairtrade_eo_local|1,0.09423681876437415,0.11202491598487976,True
44,fairtrade_eo_global,fairtrade_eo_global|1,0.10938895520444578,0.14248290271794528,True
44,fedfb,fedfb|1,0.1395140563009675,0.13887198242869503,True
44,fedfuel_dp,fedfuel_dp|0.1,0.11962305538920695,0.1468820064615492,True
44,fedfuel_eo,fedfuel_eo|0.1,0.08359372040483566,0.13038822083403775,True
45,fedavg,fedavg|0.0,0.03915959942537862,0.0765759388970568,
45,fairtrade_dp_local,fairtrade_dp_local|3,0.139533097955645,0.148385486552944,True
45,fairtrade_eo_local,fairtrade_eo_local|1000,0.08247766786679467,0.14767482670878307,False
45,fairtrade_eo_global,fairtrade_eo_global|1000,0.07330575282306803,0.1247574243970921,False
45,fedfb,fedfb|0.3,0.127451912489615,0.13603002073716447,True
45,fedfuel_dp,fedfuel_dp|0.05,0.13594691965805356,0.12391199438448719,True
45,fedfuel_eo,fedfuel_eo|0.1,0.11154628176598017,0.09791223050424769,True
46,fedavg,fedavg|0.0,0.06533519715422526,0.10849060978106494,
46,fairtrade_dp_local,fairtrade_dp_local|10,0.13374685851878182,0.11977000080608863,True
46,fairtrade_eo_local,fairtrade_eo_local|1,0.08648797915228751,0.12437597684742313,False
46,fairtrade_eo_global,fairtrade_eo_global|1,0.08710925651439526,0.12722389503442286,False
46,fedfb,fedfb|0.1,0.1326800780813069,0.12024045694523805,True
46,fedfuel_dp,fedfuel_dp|0.2,0.13348391912672308,0.12119058930784095,True
46,fedfuel_eo,fedfuel_eo|0.1,0.022399327521744217,0.03640615380884002,True
47,fedavg,fedavg|0.0,0.03416526781589155,0.09734545390992212,
47,fairtrade_dp_local,fairtrade_dp_local|3,0.1420134665805863,0.141228543240947,True
47,fairtrade_eo_local,fairtrade_eo_local|30,0.09964491176090508,0.14838746610682746,True
47,fairtrade_eo_global,fairtrade_eo_global|30,0.1113386706386148,0.12800342908667306,True
47,fedfb,fedfb|0.1,0.10269869614032714,0.13961012418758043,True
47,fedfuel_dp,fedfuel_dp|0.4,0.1302602095285022,0.10299130208990954,True
47,fedfuel_eo,fedfuel_eo|0.4,0.0661056229502515,0.12591537424982044,True
48,fedavg,fedavg|0.0,0.046084632800328214,0.0750930925339788,
48,fairtrade_dp_local,fairtrade_dp_local|300,0.12455425064808794,0.10895607245095881,True
48,fairtrade_eo_local,fairtrade_eo_local|10,0.1033726542942704,0.12791914645916666,True
48,fairtrade_eo_global,fairtrade_eo_global|3,0.11346834706078798,0.10607311081007627,True
48,fedfb,fedfb|0.3,0.12324608001623458,0.12562726890759301,True
48,fedfuel_dp,fedfuel_dp|0.025,0.12435682081697723,0.10564274509552152,True
48,fedfuel_eo,fedfuel_eo|0.1,0.109508903076209,0.11760691909367105,True
49,fedavg,fedavg|0.0,0.05097118483824872,0.09724638704665543,
49,fairtrade_dp_local,fairtrade_dp_local|10,0.13236465939640396,0.11456520079809908,True
49,fairtrade_eo_local,fairtrade_eo_local|3,0.09690359634504117,0.13407793093461343,True
49,fairtrade_eo_global,fairtrade_eo_global|3,0.10533052484039267,0.13952748227140077,True
49,fedfb,fedfb|0.1,0.13772740392550484,0.1274173563004385,True
49,fedfuel_dp,fedfuel_dp|0.05,0.12695067815157185,0.10711975979986177,True
49,fedfuel_eo,fedfuel_eo|0.1,0.11101976490172359,0.13476337375903374,True
50,fedavg,fedavg|0.0,0.0,0.004996179996019517,
50,fairtrade_dp_local,fairtrade_dp_local|3,0.1180539491608194,0.1183315784855664,True
50,fairtrade_eo_local,fairtrade_eo_local|30,0.09272039332782214,0.11327001970993655,True
50,fairtrade_eo_global,fairtrade_eo_global|1000,0.13131301936924727,0.09729400334277101,True
50,fedfb,fedfb|0.1,0.11846276822538228,0.12101034290153381,True
50,fedfuel_dp,fedfuel_dp|0.1,0.12111446696486729,0.13159218193919237,True
50,fedfuel_eo,fedfuel_eo|0.2,0.10115697138597908,0.08645393060932456,True
51,fedavg,fedavg|0.0,0.06372405599737571,0.11711233379772597,
51,fairtrade_dp_local,fairtrade_dp_local|30,0.1365192719456358,0.12236271704649133,True
51,fairtrade_eo_local,fedavg|0.0,0.09212083867641493,0.1288932831418338,False
51,fairtrade_eo_global,fairtrade_eo_global|30,0.09031609057209503,0.13331988663398084,True
51,fedfb,fedfb|3,0.128899128619851,0.12119130266059172,True
51,fedfuel_dp,fedfuel_dp|0.05,0.12455671341353709,0.11485778242883771,True
51,fedfuel_eo,fedfuel_eo|0.025,0.0890129182346647,0.13961012418758043,False
