method,seed,test,acc,bacc,spd,eod,n,n_female
Local Cleveland,42,all-centers,0.7244094488188977,0.7251287780053373,-0.20887445887445882,-0.19080459770114944,254,56
Local Cleveland,42,Cleveland,0.7307692307692307,0.7276785714285714,-0.13277310924369745,-0.02564102564102566,104,34
Local Cleveland,42,Hungary,0.7528089887640449,0.7662337662337663,-0.21278195488721807,-0.3620689655172413,89,19
Local Cleveland,42,Switzerland,0.6875,0.8333333333333333,,,16,0
Local Cleveland,42,Long Beach,0.6666666666666666,0.7142857142857143,-0.5714285714285714,-0.6666666666666666,45,3
Local Cleveland,42,flamby-pooled,0.7795275590551181,0.7812946068391982,-0.3975468975468976,-0.4425287356321839,254,56
Local Hungary,42,all-centers,0.6929133858267716,0.6970768944330665,-0.2049062049062049,-0.11091954022988504,254,56
Local Hungary,42,Cleveland,0.75,0.7395833333333333,-0.1647058823529412,-0.05982905982905984,104,34
Local Hungary,42,Hungary,0.7528089887640449,0.7475649350649352,-0.26090225563909775,-0.2586206896551724,89,19
Local Hungary,42,Switzerland,0.5,0.7333333333333334,,,16,0
Local Hungary,42,Long Beach,0.5111111111111111,0.65,-0.35714285714285715,-0.42424242424242425,45,3
Local Hungary,42,flamby-pooled,0.7165354330708661,0.7207223980636752,-0.22781385281385283,-0.06149425287356325,254,56
Local Switzerland,42,all-centers,0.562992125984252,0.5537454229504127,-0.19552669552669544,-0.2793103448275862,254,56
Local Switzerland,42,Cleveland,0.5673076923076923,0.5907738095238095,-0.09327731092436975,-0.14529914529914534,104,34
Local Switzerland,42,Hungary,0.4606741573033708,0.5527597402597403,-0.3353383458646616,-0.4655172413793104,89,19
Local Switzerland,42,Switzerland,0.8125,0.9,,,16,0
Local Switzerland,42,Long Beach,0.6666666666666666,0.5714285714285714,-0.7619047619047619,-0.7878787878787878,45,3
Local Switzerland,42,flamby-pooled,0.5236220472440944,0.5133432632036243,-0.07557720057720052,0.030459770114942608,254,56
Local Long Beach,42,all-centers,0.5984251968503937,0.5873518277167504,-0.27128427128427124,-0.15689655172413786,254,56
Local Long Beach,42,Cleveland,0.5961538461538461,0.625,-0.14957983193277313,0.0,104,34
Local Long Beach,42,Hungary,0.47191011235955055,0.5741341991341992,-0.44511278195488724,-0.25,89,19
Local Long Beach,42,Switzerland,0.875,0.9333333333333333,,,16,0
Local Long Beach,42,Long Beach,0.7555555555555555,0.6285714285714286,-0.8571428571428571,-0.9090909090909091,45,3
Local Long Beach,42,flamby-pooled,0.5826771653543307,0.5710916651151244,-0.2685786435786436,-0.08160919540229883,254,56
Pooled,42,all-centers,0.7952755905511811,0.7950723018680568,-0.318001443001443,-0.1522988505747127,254,56
Pooled,42,Cleveland,0.7788461538461539,0.7767857142857143,-0.19075630252100834,0.1709401709401709,104,34
Pooled,42,Hungary,0.797752808988764,0.777056277056277,-0.24210526315789477,-0.5086206896551724,89,19
Pooled,42,Switzerland,0.8125,0.9,,,16,0
Pooled,42,Long Beach,0.8222222222222222,0.6357142857142857,-0.6190476190476191,-0.5,45,3
Pooled,42,flamby-pooled,0.7952755905511811,0.7950723018680568,-0.318001443001443,-0.1522988505747127,254,56
Local Cleveland,43,all-centers,0.7401574803149606,0.7408924470924099,-0.2317821067821068,-0.13275862068965516,254,56
Local Cleveland,43,Cleveland,0.75,0.7470238095238095,-0.13277310924369745,0.0854700854700855,104,34
Local Cleveland,43,Hungary,0.7640449438202247,0.7751623376623377,-0.2654135338345865,-0.3620689655172413,89,19
Local Cleveland,43,Switzerland,0.75,0.8666666666666667,,,16,0
Local Cleveland,43,Long Beach,0.6666666666666666,0.7142857142857143,-0.5714285714285714,-0.6666666666666666,45,3
Local Cleveland,43,flamby-pooled,0.7755905511811023,0.7764848259169614,-0.2954545454545454,-0.31781609195402294,254,56
Local Hungary,43,all-centers,0.6811023622047244,0.684881772481847,-0.2200577200577201,-0.11091954022988504,254,56
Local Hungary,43,Cleveland,0.7307692307692307,0.7217261904761905,-0.19327731092436973,-0.05982905982905984,104,34
Local Hungary,43,Hungary,0.7415730337078652,0.73241341991342,-0.24661654135338346,-0.22413793103448276,89,19
Local Hungary,43,Switzerland,0.5625,0.7666666666666666,,,16,0
Local Hungary,43,Long Beach,0.4888888888888889,0.6000000000000001,-0.38095238095238093,-0.42424242424242425,45,3
Local Hungary,43,flamby-pooled,0.7283464566929134,0.7321727797430646,-0.2658730158730158,-0.08735632183908049,254,56
Local Switzerland,43,all-centers,0.5196850393700787,0.507292248495004,0.02182539682539686,0.0367816091954023,254,56
Local Switzerland,43,Cleveland,0.49038461538461536,0.5208333333333333,0.026050420168067245,0.10256410256410253,104,34
Local Switzerland,43,Hungary,0.38202247191011235,0.4715909090909091,0.0518796992481203,-0.07758620689655171,89,19
Local Switzerland,43,Switzerland,0.8125,0.43333333333333335,,,16,0
Local Switzerland,43,Long Beach,0.7555555555555555,0.4857142857142857,0.023809523809523836,0.030303030303030276,45,3
Local Switzerland,43,flamby-pooled,0.5118110236220472,0.499162167194191,0.03463203463203468,0.0367816091954023,254,56
Local Long Beach,43,all-centers,0.547244094488189,0.5347545460187426,-0.14357864357864358,0.0022988505747126853,254,56
Local Long Beach,43,Cleveland,0.5384615384615384,0.5714285714285714,-0.10420168067226898,0.0,104,34
Local Long Beach,43,Hungary,0.449438202247191,0.5562770562770563,-0.2729323308270677,0.03448275862068961,89,19
Local Long Beach,43,Switzerland,0.75,0.4,,,16,0
Local Long Beach,43,Long Beach,0.6888888888888889,0.47857142857142854,-0.2142857142857143,-0.3787878787878788,45,3
Local Long Beach,43,flamby-pooled,0.5866141732283464,0.5739154719791473,-0.17658730158730152,-0.04942528735632179,254,56
Pooled,43,all-centers,0.7952755905511811,0.7950723018680568,-0.318001443001443,-0.1522988505747127,254,56
Pooled,43,Cleveland,0.7788461538461539,0.7767857142857143,-0.19075630252100834,0.1709401709401709,104,34
Pooled,43,Hungary,0.797752808988764,0.777056277056277,-0.24210526315789477,-0.5086206896551724,89,19
Pooled,43,Switzerland,0.8125,0.9,,,16,0
Pooled,43,Long Beach,0.8222222222222222,0.6357142857142857,-0.6190476190476191,-0.5,45,3
Pooled,43,flamby-pooled,0.7952755905511811,0.7950723018680568,-0.318001443001443,-0.1522988505747127,254,56
Local Cleveland,44,all-centers,0.7204724409448819,0.7213119841122075,-0.20382395382395385,-0.18218390804597706,254,56
Local Cleveland,44,Cleveland,0.7307692307692307,0.7276785714285714,-0.13277310924369745,-0.02564102564102566,104,34
Local Cleveland,44,Hungary,0.7528089887640449,0.7662337662337663,-0.21278195488721807,-0.3620689655172413,89,19
Local Cleveland,44,Switzerland,0.625,0.8,,,16,0
Local Cleveland,44,Long Beach,0.6666666666666666,0.7142857142857143,-0.5714285714285714,-0.6666666666666666,45,3
Local Cleveland,44,flamby-pooled,0.7913385826771654,0.7929932352758642,-0.40259740259740256,-0.3844827586206896,254,56
Local Hungary,44,all-centers,0.7007874015748031,0.7054552224911562,-0.23051948051948054,-0.10229885057471266,254,56
Local Hungary,44,Cleveland,0.7692307692307693,0.7574404761904762,-0.2235294117647059,-0.05982905982905984,104,34
Local Hungary,44,Hungary,0.7528089887640449,0.7413419913419914,-0.23233082706766917,-0.22413793103448276,89,19
Local Hungary,44,Switzerland,0.5,0.7333333333333334,,,16,0
Local Hungary,44,Long Beach,0.5111111111111111,0.65,-0.35714285714285715,-0.42424242424242425,45,3
Local Hungary,44,flamby-pooled,0.7480314960629921,0.7524979829950971,-0.28643578643578643,-0.1626436781609195,254,56
Local Switzerland,44,all-centers,0.4409448818897638,0.43492831874883636,-0.26533189033189036,-0.2551724137931034,254,56
Local Switzerland,44,Cleveland,0.4230769230769231,0.43601190476190477,-0.21344537815126052,-0.05982905982905984,104,34
Local Switzerland,44,Hungary,0.3595505617977528,0.4163961038961039,-0.3406015037593985,-0.43965517241379315,89,19
Local Switzerland,44,Switzerland,0.625,0.8,,,16,0
Local Switzerland,44,Long Beach,0.5777777777777777,0.47857142857142854,-0.7142857142857143,-0.696969696969697,45,3
Local Switzerland,44,flamby-pooled,0.44881889763779526,0.44355489356420286,-0.30375180375180383,-0.31321839080459773,254,56
Local Long Beach,44,all-centers,0.5866141732283464,0.5766461863091914,-0.18001443001442996,-0.029885057471264354,254,56
Local Long Beach,44,Cleveland,0.5961538461538461,0.6235119047619048,-0.12100840336134455,0.02564102564102566,104,34
Local Long Beach,44,Hungary,0.48314606741573035,0.5706168831168831,-0.37368421052631584,-0.18103448275862066,89,19
Local Long Beach,44,Switzerland,0.875,0.9333333333333333,,,16,0
Local Long Beach,44,Long Beach,0.6666666666666666,0.5357142857142857,-0.09523809523809523,-0.28787878787878785,45,3
Local Long Beach,44,flamby-pooled,0.6614173228346457,0.6523924781232545,-0.2591991341991342,-0.08160919540229883,254,56
Pooled,44,all-centers,0.7952755905511811,0.7950723018680568,-0.318001443001443,-0.1522988505747127,254,56
Pooled,44,Cleveland,0.7788461538461539,0.7767857142857143,-0.19075630252100834,0.1709401709401709,104,34
Pooled,44,Hungary,0.797752808988764,0.777056277056277,-0.24210526315789477,-0.5086206896551724,89,19
Pooled,44,Switzerland,0.8125,0.9,,,16,0
Pooled,44,Long Beach,0.8222222222222222,0.6357142857142857,-0.6190476190476191,-0.5,45,3
Pooled,44,flamby-pooled,0.7952755905511811,0.7950723018680568,-0.318001443001443,-0.1522988505747127,254,56
Local Cleveland,45,all-centers,0.7440944881889764,0.7449574877428163,-0.24963924963924966,-0.2080459770114943,254,56
Local Cleveland,45,Cleveland,0.75,0.7455357142857143,-0.14789915966386552,-0.02564102564102566,104,34
Local Cleveland,45,Hungary,0.7640449438202247,0.7751623376623377,-0.2654135338345865,-0.3620689655172413,89,19
Local Cleveland,45,Switzerland,0.8125,0.9,,,16,0
Local Cleveland,45,Long Beach,0.6666666666666666,0.7142857142857143,-0.5714285714285714,-0.6666666666666666,45,3
Local Cleveland,45,flamby-pooled,0.7834645669291339,0.7848631539750512,-0.34397546897546905,-0.3844827586206896,254,56
Local Hungary,45,all-centers,0.6889763779527559,0.6925153602681065,-0.2530663780663781,-0.1281609195402299,254,56
Local Hungary,45,Cleveland,0.7403846153846154,0.7306547619047619,-0.2226890756302521,-0.05982905982905984,104,34
Local Hungary,45,Hungary,0.7415730337078652,0.7386363636363636,-0.27518796992481204,-0.2586206896551724,89,19
Local Hungary,45,Switzerland,0.625,0.8,,,16,0
Local Hungary,45,Long Beach,0.4888888888888889,0.6000000000000001,-0.38095238095238093,-0.42424242424242425,45,3
Local Hungary,45,flamby-pooled,0.7165354330708661,0.7207223980636752,-0.2507215007215007,-0.06149425287356325,254,56
Local Switzerland,45,all-centers,0.5,0.4949109414758269,-0.39033189033189036,-0.44022988505747124,254,56
Local Switzerland,45,Cleveland,0.47115384615384615,0.48065476190476186,-0.273109243697479,-0.3333333333333333,104,34
Local Switzerland,45,Hungary,0.39325842696629215,0.4120670995670996,-0.42255639097744363,-0.26724137931034486,89,19
Local Switzerland,45,Switzerland,0.8125,0.43333333333333335,,,16,0
Local Switzerland,45,Long Beach,0.6666666666666666,0.5,-0.8571428571428571,-0.8484848484848485,45,3
Local Switzerland,45,flamby-pooled,0.421259842519685,0.4155961025259107,-0.2043650793650793,-0.14540229885057465,254,56
Local Long Beach,45,all-centers,0.5433070866141733,0.5331719729411034,-0.2766955266955268,-0.13735632183908053,254,56
Local Long Beach,45,Cleveland,0.5480769230769231,0.5744047619047619,-0.2815126050420168,-0.1709401709401709,104,34
Local Long Beach,45,Hungary,0.4606741573033708,0.5527597402597403,-0.4022556390977444,-0.18103448275862066,89,19
Local Long Beach,45,Switzerland,0.6875,0.36666666666666664,,,16,0
Local Long Beach,45,Long Beach,0.6444444444444445,0.48571428571428577,-0.11904761904761907,-0.28787878787878785,45,3
Local Long Beach,45,flamby-pooled,0.5787401574803149,0.5682678582511016,-0.33766233766233766,-0.26436781609195403,254,56
Pooled,45,all-centers,0.7992125984251969,0.7988890957611866,-0.3230519480519481,-0.16091954022988508,254,56
Pooled,45,Cleveland,0.7788461538461539,0.7767857142857143,-0.19075630252100834,0.1709401709401709,104,34
Pooled,45,Hungary,0.797752808988764,0.777056277056277,-0.24210526315789477,-0.5086206896551724,89,19
Pooled,45,Switzerland,0.875,0.9333333333333333,,,16,0
Pooled,45,Long Beach,0.8222222222222222,0.6357142857142857,-0.6190476190476191,-0.5,45,3
Pooled,45,flamby-pooled,0.7992125984251969,0.7988890957611866,-0.3230519480519481,-0.16091954022988508,254,56
Local Cleveland,46,all-centers,0.7401574803149606,0.7411406938496865,-0.19877344877344877,-0.04885057471264376,254,56
Local Cleveland,46,Cleveland,0.7692307692307693,0.7663690476190477,-0.08907563025210086,0.19658119658119655,104,34
Local Cleveland,46,Hungary,0.7640449438202247,0.7751623376623377,-0.2654135338345865,-0.3620689655172413,89,19
Local Cleveland,46,Switzerland,0.75,0.8666666666666667,,,16,0
Local Cleveland,46,Long Beach,0.6222222222222222,0.6857142857142857,-0.5238095238095238,-0.6060606060606061,45,3
Local Cleveland,46,flamby-pooled,0.7913385826771654,0.7929932352758642,-0.26515151515151514,-0.23390804597701154,254,56
Local Hungary,46,all-centers,0.6771653543307087,0.6818097188605474,-0.18470418470418473,-0.07643678160919543,254,56
Local Hungary,46,Cleveland,0.7403846153846154,0.7291666666666667,-0.1504201680672269,-0.03418803418803418,104,34
Local Hungary,46,Hungary,0.7415730337078652,0.73241341991342,-0.24661654135338346,-0.22413793103448276,89,19
Local Hungary,46,Switzerland,0.4375,0.7,,,16,0
Local Hungary,46,Long Beach,0.4888888888888889,0.6357142857142857,-0.3333333333333333,-0.3939393939393939,45,3
Local Hungary,46,flamby-pooled,0.7244094488188977,0.7286042326072115,-0.22781385281385283,-0.07011494252873562,254,56
Local Switzerland,46,all-centers,0.468503937007874,0.46040464221436106,0.1527777777777778,0.2436781609195402,254,56
Local Switzerland,46,Cleveland,0.4519230769230769,0.47172619047619047,0.2260504201680672,0.33333333333333337,104,34
Local Switzerland,46,Hungary,0.3595505617977528,0.4226190476190476,0.03233082706766921,0.09482758620689657,89,19
Local Switzerland,46,Switzerland,0.5625,0.3,,,16,0
Local Switzerland,46,Long Beach,0.6888888888888889,0.55,0.23809523809523814,0.21212121212121215,45,3
Local Switzerland,46,flamby-pooled,0.5078740157480315,0.5000620616893192,0.16287878787878785,0.13390804597701156,254,56
Local Long Beach,46,all-centers,0.5984251968503937,0.5883448147458574,-0.07052669552669544,0.10344827586206895,254,56
Local Long Beach,46,Cleveland,0.6057692307692307,0.6279761904761905,0.02268907563025202,0.10256410256410253,104,34
Local Long Beach,46,Hungary,0.47191011235955055,0.5803571428571429,-0.2729323308270677,0.0,89,19
Local Long Beach,46,Switzerland,0.8125,0.9,,,16,0
Local Long Beach,46,Long Beach,0.7555555555555555,0.6285714285714286,0.2142857142857143,0.1515151515151515,45,3
Local Long Beach,46,flamby-pooled,0.6456692913385826,0.6353875752497984,-0.05772005772005773,0.0431034482758621,254,56
Pooled,46,all-centers,0.7952755905511811,0.7950723018680568,-0.318001443001443,-0.1522988505747127,254,56
Pooled,46,Cleveland,0.7788461538461539,0.7767857142857143,-0.19075630252100834,0.1709401709401709,104,34
Pooled,46,Hungary,0.797752808988764,0.777056277056277,-0.24210526315789477,-0.5086206896551724,89,19
Pooled,46,Switzerland,0.8125,0.9,,,16,0
Pooled,46,Long Beach,0.8222222222222222,0.6357142857142857,-0.6190476190476191,-0.5,45,3
Pooled,46,flamby-pooled,0.7952755905511811,0.7950723018680568,-0.318001443001443,-0.1522988505747127,254,56
Local Cleveland,47,all-centers,0.7362204724409449,0.7368274064420033,-0.16810966810966815,-0.05747126436781613,254,56
Local Cleveland,47,Cleveland,0.7596153846153846,0.7574404761904762,-0.0596638655462185,0.19658119658119655,104,34
Local Cleveland,47,Hungary,0.7528089887640449,0.7662337662337663,-0.21278195488721807,-0.3620689655172413,89,19
Local Cleveland,47,Switzerland,0.6875,0.8333333333333333,,,16,0
Local Cleveland,47,Long Beach,0.6666666666666666,0.7142857142857143,-0.5714285714285714,-0.6666666666666666,45,3
Local Cleveland,47,flamby-pooled,0.7874015748031497,0.788679947868181,-0.3032106782106782,-0.2425287356321839,254,56
Local Hungary,47,all-centers,0.6850393700787402,0.6891950598895302,-0.2507215007215007,-0.10229885057471266,254,56
Local Hungary,47,Cleveland,0.75,0.7395833333333333,-0.25210084033613445,-0.05982905982905984,104,34
Local Hungary,47,Hungary,0.7415730337078652,0.73241341991342,-0.24661654135338346,-0.22413793103448276,89,19
Local Hungary,47,Switzerland,0.5,0.7333333333333334,,,16,0
Local Hungary,47,Long Beach,0.4888888888888889,0.6000000000000001,-0.38095238095238093,-0.42424242424242425,45,3
Local Hungary,47,flamby-pooled,0.7086614173228346,0.712840563520139,-0.2507215007215007,-0.05287356321839076,254,56
Local Switzerland,47,all-centers,0.5590551181102362,0.5529075901446038,0.22853535353535348,0.05862068965517242,254,56
Local Switzerland,47,Cleveland,0.4423076923076923,0.45238095238095244,0.3680672268907563,0.10256410256410253,104,34
Local Switzerland,47,Hungary,0.5617977528089888,0.614448051948052,0.21353383458646613,0.2068965517241379,89,19
Local Switzerland,47,Switzerland,0.8125,0.9,,,16,0
Local Switzerland,47,Long Beach,0.7333333333333333,0.5428571428571428,0.1428571428571429,0.12121212121212122,45,3
Local Switzerland,47,flamby-pooled,0.5,0.4929249674176131,0.28481240981240974,0.16839080459770117,254,56
Local Long Beach,47,all-centers,0.5669291338582677,0.5570657233289891,-0.06042568542568538,-0.004022988505747116,254,56
Local Long Beach,47,Cleveland,0.5769230769230769,0.5982142857142857,-0.05042016806722682,-0.11965811965811968,104,34
Local Long Beach,47,Hungary,0.449438202247191,0.5562770562770563,-0.13909774436090228,0.03448275862068961,89,19
Local Long Beach,47,Switzerland,0.8125,0.9,,,16,0
Local Long Beach,47,Long Beach,0.6888888888888889,0.55,0.23809523809523814,0.21212121212121215,45,3
Local Long Beach,47,flamby-pooled,0.5748031496062992,0.5637063240861416,-0.088023088023088,-0.05574712643678159,254,56
Pooled,47,all-centers,0.7913385826771654,0.7910072612176504,-0.3230519480519481,-0.1522988505747127,254,56
Pooled,47,Cleveland,0.7788461538461539,0.7767857142857143,-0.19075630252100834,0.1709401709401709,104,34
Pooled,47,Hungary,0.7865168539325843,0.7681277056277056,-0.25639097744360906,-0.5086206896551724,89,19
Pooled,47,Switzerland,0.8125,0.9,,,16,0
Pooled,47,Long Beach,0.8222222222222222,0.6357142857142857,-0.6190476190476191,-0.5,45,3
Pooled,47,flamby-pooled,0.7913385826771654,0.7910072612176504,-0.3230519480519481,-0.1522988505747127,254,56
Local Cleveland,48,all-centers,0.7440944881889764,0.7447092409855396,-0.16810966810966815,-0.06609195402298851,254,56
Local Cleveland,48,Cleveland,0.7596153846153846,0.7574404761904762,-0.0596638655462185,0.19658119658119655,104,34
Local Cleveland,48,Hungary,0.7640449438202247,0.7751623376623377,-0.19849624060150373,-0.3620689655172413,89,19
Local Cleveland,48,Switzerland,0.75,0.8666666666666667,,,16,0
Local Cleveland,48,Long Beach,0.6666666666666666,0.7142857142857143,-0.5714285714285714,-0.6666666666666666,45,3
Local Cleveland,48,flamby-pooled,0.7913385826771654,0.7924967417613107,-0.3082611832611833,-0.2511494252873563,254,56
Local Hungary,48,all-centers,0.6929133858267716,0.6973251411903432,-0.21771284271284272,-0.10229885057471266,254,56
Local Hungary,48,Cleveland,0.75,0.7410714285714286,-0.23697478991596638,-0.0854700854700855,104,34
Local Hungary,48,Hungary,0.7640449438202247,0.7440476190476191,-0.18947368421052635,-0.18965517241379315,89,19
Local Hungary,48,Switzerland,0.5,0.7333333333333334,,,16,0
Local Hungary,48,Long Beach,0.4888888888888889,0.6000000000000001,-0.38095238095238093,-0.42424242424242425,45,3
Local Hungary,48,flamby-pooled,0.7401574803149606,0.7436231614224539,-0.28102453102453107,-0.11321839080459772,254,56
Local Switzerland,48,all-centers,0.5236220472440944,0.5088748215726432,-0.005411255411255422,0.025862068965517238,254,56
Local Switzerland,48,Cleveland,0.4807692307692308,0.5178571428571429,-0.05882352941176472,0.0,104,34
Local Switzerland,48,Hungary,0.38202247191011235,0.496482683982684,0.0714285714285714,0.06896551724137934,89,19
Local Switzerland,48,Switzerland,0.9375,0.5,,,16,0
Local Switzerland,48,Long Beach,0.7555555555555555,0.4857142857142857,0.023809523809523836,0.030303030303030276,45,3
Local Switzerland,48,flamby-pooled,0.515748031496063,0.5007447402718301,0.030303030303030276,0.025862068965517238,254,56
Local Long Beach,48,all-centers,0.5511811023622047,0.5398125736982561,-0.052308802308802305,0.11206896551724133,254,56
Local Long Beach,48,Cleveland,0.5192307692307693,0.5520833333333333,-0.060504201680672276,0.02564102564102566,104,34
Local Long Beach,48,Hungary,0.47191011235955055,0.5679112554112554,-0.21578947368421053,0.06896551724137934,89,19
Local Long Beach,48,Switzerland,0.6875,0.36666666666666664,,,16,0
Local Long Beach,48,Long Beach,0.7333333333333333,0.6142857142857143,0.23809523809523814,0.18181818181818177,45,3
Local Long Beach,48,flamby-pooled,0.5708661417322834,0.5593930366784584,-0.05735930735930739,0.08620689655172409,254,56
Pooled,48,all-centers,0.7952755905511811,0.7948240551107801,-0.32810245310245306,-0.16091954022988508,254,56
Pooled,48,Cleveland,0.7692307692307693,0.7678571428571428,-0.20504201680672268,0.1709401709401709,104,34
Pooled,48,Hungary,0.797752808988764,0.777056277056277,-0.24210526315789477,-0.5086206896551724,89,19
Pooled,48,Switzerland,0.875,0.9333333333333333,,,16,0
Pooled,48,Long Beach,0.8222222222222222,0.6357142857142857,-0.6190476190476191,-0.5,45,3
Pooled,48,flamby-pooled,0.7952755905511811,0.7948240551107801,-0.32810245310245306,-0.16091954022988508,254,56
Local Cleveland,49,all-centers,0.7322834645669292,0.7332588593061503,-0.19877344877344877,-0.11551724137931041,254,56
Local Cleveland,49,Cleveland,0.75,0.7470238095238095,-0.08907563025210086,0.0854700854700855,104,34
Local Cleveland,49,Hungary,0.7640449438202247,0.7751623376623377,-0.2654135338345865,-0.3620689655172413,89,19
Local Cleveland,49,Switzerland,0.6875,0.8333333333333333,,,16,0
Local Cleveland,49,Long Beach,0.6444444444444445,0.7,-0.5476190476190477,-0.6363636363636364,45,3
Local Cleveland,49,flamby-pooled,0.7874015748031497,0.788679947868181,-0.3032106782106782,-0.2425287356321839,254,56
Local Hungary,49,all-centers,0.6850393700787402,0.6891950598895302,-0.22781385281385283,-0.10229885057471266,254,56
Local Hungary,49,Cleveland,0.75,0.7395833333333333,-0.20840336134453785,-0.05982905982905984,104,34
Local Hungary,49,Hungary,0.7415730337078652,0.73241341991342,-0.24661654135338346,-0.22413793103448276,89,19
Local Hungary,49,Switzerland,0.5,0.7333333333333334,,,16,0
Local Hungary,49,Long Beach,0.4888888888888889,0.6000000000000001,-0.38095238095238093,-0.42424242424242425,45,3
Local Hungary,49,flamby-pooled,0.7165354330708661,0.7207223980636752,-0.2507215007215007,-0.06149425287356325,254,56
Local Switzerland,49,all-centers,0.36220472440944884,0.3561099733134736,0.19282106782106778,0.20747126436781604,254,56
Local Switzerland,49,Cleveland,0.3557692307692308,0.369047619047619,0.20924369747899152,0.15384615384615385,104,34
Local Switzerland,49,Hungary,0.24719101123595505,0.2773268398268398,0.21353383458646613,0.4051724137931034,89,19
Local Switzerland,49,Switzerland,0.5625,0.3,,,16,0
Local Switzerland,49,Long Beach,0.5333333333333333,0.34285714285714286,0.26190476190476186,0.33333333333333337,45,3
Local Switzerland,49,flamby-pooled,0.31496062992125984,0.3085707192949792,0.22853535353535348,0.17528735632183906,254,56
Local Long Beach,49,all-centers,0.5551181102362205,0.5431328740768324,-0.1920995670995671,0.01091954022988506,254,56
Local Long Beach,49,Cleveland,0.5384615384615384,0.5684523809523809,-0.17815126050420171,-0.0854700854700855,104,34
Local Long Beach,49,Hungary,0.4606741573033708,0.5714285714285714,-0.35413533834586475,0.0,89,19
Local Long Beach,49,Switzerland,0.8125,0.43333333333333335,,,16,0
Local Long Beach,49,Long Beach,0.6888888888888889,0.5142857142857143,0.19047619047619047,0.18181818181818177,45,3
Local Long Beach,49,flamby-pooled,0.5354330708661418,0.5238006578539068,-0.10822510822510822,0.045402298850574674,254,56
Pooled,49,all-centers,0.7952755905511811,0.7950723018680568,-0.318001443001443,-0.1522988505747127,254,56
Pooled,49,Cleveland,0.7788461538461539,0.7767857142857143,-0.19075630252100834,0.1709401709401709,104,34
Pooled,49,Hungary,0.797752808988764,0.777056277056277,-0.24210526315789477,-0.5086206896551724,89,19
Pooled,49,Switzerland,0.8125,0.9,,,16,0
Pooled,49,Long Beach,0.8222222222222222,0.6357142857142857,-0.6190476190476191,-0.5,45,3
Pooled,49,flamby-pooled,0.7952755905511811,0.7950723018680568,-0.318001443001443,-0.1522988505747127,254,56
Local Cleveland,50,all-centers,0.7362204724409449,0.7368274064420033,-0.16810966810966815,-0.13275862068965516,254,56
Local Cleveland,50,Cleveland,0.7403846153846154,0.7380952380952381,-0.0596638655462185,0.0854700854700855,104,34
Local Cleveland,50,Hungary,0.7640449438202247,0.7751623376623377,-0.19849624060150373,-0.3620689655172413,89,19
Local Cleveland,50,Switzerland,0.75,0.8666666666666667,,,16,0
Local Cleveland,50,Long Beach,0.6666666666666666,0.7142857142857143,-0.5714285714285714,-0.6666666666666666,45,3
Local Cleveland,50,flamby-pooled,0.7834645669291339,0.7843666604604977,-0.31836219336219335,-0.3264367816091954,254,56
Local Hungary,50,all-centers,0.7047244094488189,0.7087755228697326,-0.23286435786435786,-0.1281609195402299,254,56
Local Hungary,50,Cleveland,0.7692307692307693,0.7619047619047619,-0.26554621848739496,-0.1367521367521367,104,34
Local Hungary,50,Hungary,0.7640449438202247,0.7440476190476191,-0.18947368421052635,-0.18965517241379315,89,19
Local Hungary,50,Switzerland,0.5625,0.7666666666666666,,,16,0
Local Hungary,50,Long Beach,0.4888888888888889,0.6000000000000001,-0.38095238095238093,-0.42424242424242425,45,3
Local Hungary,50,flamby-pooled,0.7440944881889764,0.7476882020728604,-0.275974025974026,-0.11321839080459772,254,56
Local Switzerland,50,all-centers,0.515748031496063,0.5007447402718301,0.007395382395382399,0.025862068965517238,254,56
Local Switzerland,50,Cleveland,0.46153846153846156,0.49851190476190477,-0.015126050420168125,0.02564102564102566,104,34
Local Switzerland,50,Hungary,0.38202247191011235,0.5027056277056278,0.042857142857142816,0.03448275862068961,89,19
Local Switzerland,50,Switzerland,0.9375,0.5,,,16,0
Local Switzerland,50,Long Beach,0.7555555555555555,0.4857142857142857,0.023809523809523836,0.030303030303030276,45,3
Local Switzerland,50,flamby-pooled,0.515748031496063,0.5004964935145535,0.02020202020202022,0.017241379310344862,254,56
Local Long Beach,50,all-centers,0.5196850393700787,0.5070440017377272,0.03463203463203468,0.10344827586206895,254,56
Local Long Beach,50,Cleveland,0.49038461538461536,0.5252976190476191,0.027731092436974802,0.02564102564102566,104,34
Local Long Beach,50,Hungary,0.4157303370786517,0.5170454545454546,-0.05789473684210533,0.10344827586206895,89,19
Local Long Beach,50,Switzerland,0.8125,0.43333333333333335,,,16,0
Local Long Beach,50,Long Beach,0.6888888888888889,0.5142857142857143,0.19047619047619047,0.18181818181818177,45,3
Local Long Beach,50,flamby-pooled,0.5551181102362205,0.5418916402904488,-0.03643578643578638,0.0431034482758621,254,56
Pooled,50,all-centers,0.7952755905511811,0.7948240551107801,-0.32810245310245306,-0.16091954022988508,254,56
Pooled,50,Cleveland,0.7692307692307693,0.7678571428571428,-0.20504201680672268,0.1709401709401709,104,34
Pooled,50,Hungary,0.797752808988764,0.777056277056277,-0.24210526315789477,-0.5086206896551724,89,19
Pooled,50,Switzerland,0.875,0.9333333333333333,,,16,0
Pooled,50,Long Beach,0.8222222222222222,0.6357142857142857,-0.6190476190476191,-0.5,45,3
Pooled,50,flamby-pooled,0.7952755905511811,0.7948240551107801,-0.32810245310245306,-0.16091954022988508,254,56
Local Cleveland,51,all-centers,0.7362204724409449,0.7368274064420033,-0.19101731601731597,-0.05747126436781613,254,56
Local Cleveland,51,Cleveland,0.75,0.7485119047619048,-0.07394957983193279,0.19658119658119655,104,34
Local Cleveland,51,Hungary,0.7640449438202247,0.7751623376623377,-0.2654135338345865,-0.3620689655172413,89,19
Local Cleveland,51,Switzerland,0.75,0.8666666666666667,,,16,0
Local Cleveland,51,Long Beach,0.6444444444444445,0.7,-0.5476190476190477,-0.6363636363636364,45,3
Local Cleveland,51,flamby-pooled,0.7952755905511811,0.7965617824117173,-0.3719336219336219,-0.3264367816091954,254,56
Local Hungary,51,all-centers,0.6968503937007874,0.701141935083473,-0.24567099567099568,-0.11091954022988504,254,56
Local Hungary,51,Cleveland,0.7596153846153846,0.75,-0.2663865546218487,-0.0854700854700855,104,34
Local Hungary,51,Hungary,0.7528089887640449,0.7351190476190477,-0.20375939849624064,-0.18965517241379315,89,19
Local Hungary,51,Switzerland,0.5625,0.7666666666666666,,,16,0
Local Hungary,51,Long Beach,0.4888888888888889,0.6000000000000001,-0.38095238095238093,-0.42424242424242425,45,3
Local Hungary,51,flamby-pooled,0.7401574803149606,0.7438714081797306,-0.2709235209235209,-0.10459770114942535,254,56
Local Switzerland,51,all-centers,0.5196850393700787,0.5080369887668342,-0.10822510822510822,-0.16321839080459777,254,56
Local Switzerland,51,Cleveland,0.4423076923076923,0.474702380952381,-0.060504201680672276,-0.008547008547008628,104,34
Local Switzerland,51,Hungary,0.43820224719101125,0.5162337662337663,-0.14436090225563913,-0.07758620689655171,89,19
Local Switzerland,51,Switzerland,0.9375,0.5,,,16,0
Local Switzerland,51,Long Beach,0.7111111111111111,0.5285714285714286,-0.5476190476190477,-0.9090909090909091,45,3
Local Switzerland,51,flamby-pooled,0.5433070866141733,0.5319307391547198,-0.1897546897546898,-0.10517241379310338,254,56
Local Long Beach,51,all-centers,0.5905511811023622,0.5807112269595979,-0.1520562770562771,0.045402298850574674,254,56
Local Long Beach,51,Cleveland,0.5673076923076923,0.5967261904761905,-0.16386554621848748,0.02564102564102566,104,34
Local Long Beach,51,Hungary,0.5393258426966292,0.621482683982684,-0.2639097744360902,0.06896551724137934,89,19
Local Long Beach,51,Switzerland,0.6875,0.36666666666666664,,,16,0
Local Long Beach,51,Long Beach,0.7111111111111111,0.6000000000000001,-0.09523809523809523,-0.31818181818181823,45,3
Local Long Beach,51,flamby-pooled,0.5984251968503937,0.5883448147458574,-0.2308802308802308,-0.12241379310344824,254,56
Pooled,51,all-centers,0.7992125984251969,0.7988890957611866,-0.3230519480519481,-0.16091954022988508,254,56
Pooled,51,Cleveland,0.7788461538461539,0.7767857142857143,-0.19075630252100834,0.1709401709401709,104,34
Pooled,51,Hungary,0.797752808988764,0.777056277056277,-0.24210526315789477,-0.5086206896551724,89,19
Pooled,51,Switzerland,0.875,0.9333333333333333,,,16,0
Pooled,51,Long Beach,0.8222222222222222,0.6357142857142857,-0.6190476190476191,-0.5,45,3
Pooled,51,flamby-pooled,0.7992125984251969,0.7988890957611866,-0.3230519480519481,-0.16091954022988508,254,56
