alpha,lr,val_acc,val_bacc,val_spd,val_eod,val_spd_soft,val_eod_soft,val_n,val_n_female,test_acc,test_bacc,test_spd,test_eod,test_spd_soft,test_eod_soft,test_n,test_n_female,seed,eval,notion,scope,val_pareto
3081.8400321145355,0.0018235428786725887,0.5853658536585366,0.5856726694915254,-0.021739130434782594,0.09770114942528729,-0.028069971041834896,0.029162180064053356,123,23,0.6496062992125984,0.6471482653757835,-0.26641414141414144,-0.2919540229885057,-0.09255032891254406,-0.08572763122361282,254,56,42,0,eo,local,False
0.3163028471266677,0.09331287200598823,0.8048780487804879,0.8038930084745763,-0.28565217391304343,0.005747126436781658,-0.3203910417810244,-0.10956836151408733,123,23,0.7874015748031497,0.7861974802954137,-0.3125901875901876,-0.1028735632183908,-0.30088722230373505,-0.21504759895989944,254,56,42,1,eo,local,False
4.398912679247864,0.007641656338067298,0.7886178861788617,0.7876059322033898,-0.23217391304347823,0.02298850574712652,-0.21632626340441075,-0.008846694839069191,123,23,0.7992125984251969,0.7976478619748029,-0.259018759018759,-0.053448275862068906,-0.20839846911178278,-0.12374980670196567,254,56,42,2,eo,local,True
221.5771320847937,0.02201618901262979,0.7967479674796748,0.7954184322033898,-0.24217391304347824,0.005747126436781658,-0.20685733768279135,-0.022324881912476724,123,23,0.7795275590551181,0.7788121392664309,-0.29238816738816736,-0.1522988505747127,-0.23681423490686265,-0.1518605682014048,254,56,42,3,eo,local,True
41.70081816229325,0.016576864571961968,0.7642276422764228,0.7641684322033898,-0.20217391304347831,0.074712643678161,-0.1922872394347644,0.020024426409910423,123,23,0.7992125984251969,0.7986408490039099,-0.2873376623376624,-0.16954022988505746,-0.21644924361020873,-0.14584606093750596,254,56,42,4,eo,local,False
11.925368437692049,0.052254429206339235,0.7479674796747967,0.7472192796610169,-0.22217391304347822,0.074712643678161,-0.23486797777328472,0.0017137165855745096,123,23,0.7677165354330708,0.7661205238006579,-0.23611111111111116,-0.16954022988505746,-0.22205417630228902,-0.15931609096326704,254,56,42,5,eo,local,True
0.9333637526605927,0.003867622202218946,0.7886178861788617,0.7889300847457628,-0.2456521739130435,0.05747126436781613,-0.20599271051747647,0.011592269436210056,123,23,0.7952755905511811,0.7950723018680568,-0.2034632034632034,-0.0017241379310344307,-0.19111646966831314,-0.09749591467880658,254,56,42,6,eo,local,True
532.8962916402519,0.21653404962136252,0.7317073170731707,0.7322563559322034,-0.07521739130434785,0.12643678160919547,-0.0731954113291427,0.10625218800506164,123,23,0.6692913385826772,0.6716936635015205,-0.023629148629148666,0.005172413793103403,-0.07691290362424125,0.0197683492313957,254,56,42,7,eo,local,False
2497.9232726560826,0.031879454510256776,0.7804878048780488,0.7751588983050848,-0.2552173913043478,-0.08045977011494254,-0.2161434713945441,-0.013899943052694708,123,23,0.7677165354330708,0.764134549742444,-0.27110389610389607,-0.08793103448275863,-0.18960436502126182,-0.0661000339292932,254,56,42,8,eo,local,False
0.35470727043814526,0.014486859114620228,0.8211382113821138,0.8208421610169492,-0.2656521739130434,0.005747126436781658,-0.2584067148067381,-0.03647256374958607,123,23,0.8031496062992126,0.8022093961397629,-0.27958152958152954,-0.036206896551724044,-0.24211004861139301,-0.13660923396718916,254,56,42,9,eo,local,True
0.1,0.03269957904197949,0.7967479674796748,0.7954184322033898,-0.29565217391304344,0.005747126436781658,-0.29949051212357436,-0.08993958230076848,123,23,0.7874015748031497,0.7864457270526903,-0.30248917748917753,-0.09425287356321843,-0.29182309263547435,-0.2108798176735297,254,56,42,10,eo,local,False
0.6469299728062061,0.022803526204690536,0.7886178861788617,0.7882680084745763,-0.2656521739130434,0.04022988505747127,-0.2532687104299017,-0.02776611744072932,123,23,0.8031496062992126,0.8024576428970397,-0.2694805194805195,-0.027586206896551668,-0.23669103328958369,-0.13825434960596183,254,56,42,11,eo,local,False
0.18428730315450403,0.009004037692497708,0.8211382113821138,0.8208421610169492,-0.2656521739130434,0.005747126436781658,-0.2687929749310664,-0.05094648505850086,123,23,0.8110236220472441,0.8100912306832992,-0.30248917748917753,-0.12011494252873567,-0.2571291334478219,-0.14964200038163145,254,56,42,12,eo,local,False
0.1,0.2595215778789947,0.8211382113821138,0.8195180084745763,-0.30565217391304345,-0.028735632183907955,-0.3781342847256557,-0.19840412615830527,123,23,0.7913385826771654,0.7895177806739899,-0.38365800865800864,-0.2793103448275862,-0.36605333773186016,-0.2862696665906529,254,56,42,13,eo,local,False
0.9723647877199354,0.2861521220471433,0.8211382113821138,0.8195180084745763,-0.30565217391304345,-0.028735632183907955,-0.3144403596951262,-0.096597763484922,123,23,0.7913385826771654,0.7895177806739899,-0.3378427128427129,-0.20402298850574718,-0.2860412136745648,-0.18540467295324659,254,56,42,14,eo,local,False
3162.2776601683795,0.011866406955566856,0.7235772357723578,0.7198093220338984,-0.20521739130434785,0.02298850574712652,-0.16477450255466541,-0.018324523778824986,123,23,0.7125984251968503,0.709954694966797,-0.25360750360750367,-0.14367816091954022,-0.2060057749739253,-0.12753802757153565,254,56,42,15,eo,local,False
3.491368882976439,0.001,0.7642276422764228,0.7641684322033898,-0.14869565217391306,0.074712643678161,-0.1540996891081981,0.013784054966493597,123,23,0.7795275590551181,0.779556879538261,-0.21626984126984128,-0.05114942528735633,-0.15696439013949465,-0.10038920729153455,254,56,42,16,eo,local,False
0.3355685053150889,0.2273364197771954,0.8211382113821138,0.8195180084745763,-0.30565217391304345,-0.028735632183907955,-0.35774608606108177,-0.14985272898499313,123,23,0.7874015748031497,0.7854527400235835,-0.3658008658008658,-0.20402298850574718,-0.33822416151813456,-0.2391046534672422,254,56,42,17,eo,local,False
5.168901843408062,0.03144363033775288,0.7723577235772358,0.7719809322033898,-0.2656521739130434,0.05747126436781613,-0.21839568937278314,0.004700742255168366,123,23,0.7874015748031497,0.7857009867808602,-0.24116161616161613,-0.04482758620689653,-0.2092405771021899,-0.1403856392628674,254,56,42,18,eo,local,True
0.30700076483336675,0.31622776601683794,0.7967479674796748,0.7947563559322034,-0.3691304347826087,-0.1954022988505747,-0.36416558598957793,-0.15983685600603448,123,23,0.7874015748031497,0.7857009867808602,-0.3327922077922078,-0.1954022988505747,-0.3430307153875486,-0.24560881773834176,254,56,42,19,eo,local,False
0.1,0.001,0.7967479674796748,0.7967425847457628,-0.2556521739130435,0.04022988505747127,-0.22771101491282814,-0.05650745392188261,123,23,0.7952755905511811,0.7950723018680568,-0.2950937950937951,-0.1522988505747127,-0.2356317117232372,-0.179371748316562,254,56,42,20,eo,local,False
0.1,0.008837185798068598,0.8211382113821138,0.8201800847457628,-0.28565217391304343,-0.011494252873563204,-0.2769214672222734,-0.0617613761589445,123,23,0.8149606299212598,0.8141562713337056,-0.3203463203463204,-0.12011494252873567,-0.2664522411278886,-0.1598279231752473,254,56,42,21,eo,local,False
0.1,0.15623354670259895,0.8130081300813008,0.8110434322033898,-0.31565217391304345,-0.028735632183907955,-0.36378659261734747,-0.16383547197770454,123,23,0.7874015748031497,0.785949233538137,-0.3685064935064935,-0.26206896551724135,-0.3546658510178747,-0.2716279360048216,254,56,42,22,eo,local,False
142.80843077671517,0.001,0.7073170731707317,0.706832627118644,-0.10521739130434787,0.12643678160919547,-0.08977694925406698,0.013490482907870693,123,23,0.7598425196850394,0.7597281698007821,-0.22132034632034625,-0.18448275862068964,-0.12334157540200857,-0.08240951461524793,254,56,42,23,eo,local,False
7.891163726867392,0.12143825088786836,0.7642276422764228,0.7641684322033898,-0.3715277777777778,-0.057644110275689164,-0.3344036145103423,-0.07500552849139186,123,27,0.7834645669291339,0.7831254266741141,-0.20851370851370848,0.006896551724137945,-0.2229423844557044,-0.12927993610287192,254,56,43,0,eo,local,False
350.1486731992105,0.005414019211965956,0.7560975609756098,0.759666313559322,-0.35185185185185186,-0.2731829573934837,-0.19237004983221628,-0.09594399210317694,123,27,0.7362204724409449,0.7365791596847266,-0.08658008658008659,0.009195402298850519,-0.08236178403792832,-0.05895886497422198,254,56,43,1,eo,local,False
182.3022700547913,0.02789923813309167,0.7073170731707317,0.7094809322033898,-0.15625,0.06516290726817042,-0.17524484743114077,-0.038231088544118386,123,27,0.7519685039370079,0.751598088499969,-0.11688311688311687,-0.03390804597701158,-0.08309719483885503,-0.012417707215438,254,56,43,2,eo,local,False
0.308110355055122,0.0012640554902206246,0.8048780487804879,0.806541313559322,-0.3194444444444444,0.10275689223057638,-0.25893663597310446,-0.06064669335993911,123,27,0.7992125984251969,0.7996338360330169,-0.2698412698412699,-0.05977011494252882,-0.15258368699640718,-0.09241320496831817,254,56,43,3,eo,local,True
0.8608494429253005,0.07187655130872161,0.7723577235772358,0.7733050847457628,-0.38773148148148145,-0.040100250626566414,-0.3360424961493764,-0.10792717135938479,123,27,0.7952755905511811,0.7960652888971638,-0.3005050505050505,-0.19310344827586212,-0.2656390017370894,-0.17501686824292972,254,56,43,4,eo,local,False
45.81812009710152,0.002074140338215309,0.7642276422764228,0.767478813559322,-0.3148148148148148,-0.13032581453634084,-0.19838758808974588,-0.09448886507734622,123,27,0.7440944881889764,0.744460994228263,-0.10948773448773452,-0.074712643678161,-0.08163984034218502,-0.08044278543314032,254,56,43,5,eo,local,False
1161.7474463447243,0.3120925973136494,0.7317073170731707,0.7309322033898304,-0.25000000000000006,-0.040100250626566414,-0.23216390912366763,-0.047679321768724026,123,27,0.7204724409448819,0.7195742568112704,-0.045454545454545414,0.05862068965517242,-0.05785145234275252,0.03754982331204848,254,56,43,6,eo,local,False
1.6366613052780283,0.008861861937706718,0.7073170731707317,0.7088188559322034,-0.27199074074074076,0.04761904761904767,-0.23956511451871382,-0.034936347719571326,123,27,0.7480314960629921,0.7485260348786694,-0.17316017316017313,-0.074712643678161,-0.14430104913243763,-0.04258739130849809,254,56,43,7,eo,local,False
0.1,0.001,0.7886178861788617,0.7902542372881356,-0.3194444444444444,0.12030075187969924,-0.22427650579441066,-0.044566832762911845,123,27,0.8031496062992126,0.8036988766834233,-0.2647907647907648,-0.05977011494252882,-0.12211380102624647,-0.07228343454671327,254,56,43,8,eo,local,True
0.1,0.0019371265880439702,0.8130081300813008,0.814353813559322,-0.32986111111111116,0.08521303258145363,-0.3127915673906466,-0.0928911611176374,123,27,0.7913385826771654,0.7920002482467572,-0.2368326118326119,-0.042528735632183956,-0.21557729443687074,-0.13506951349220053,254,56,43,9,eo,local,False
3162.2776601683795,0.011312068907293731,0.7398373983739838,0.744041313559322,-0.2835648148148148,-0.07769423558897248,-0.16083722200710326,-0.07148842138231248,123,27,0.6929133858267716,0.6953391671321294,-0.13816738816738816,-0.09597701149425286,-0.08544840369760603,-0.07061517440296461,254,56,43,10,eo,local,False
0.7952998162079601,0.012901579761932245,0.7154471544715447,0.7172934322033898,-0.2615740740740741,0.04761904761904767,-0.2542124249157495,-0.037002474555096865,123,27,0.7677165354330708,0.7683547446161485,-0.19101731601731597,-0.01666666666666672,-0.16138143263102755,-0.051375439947192625,254,56,43,11,eo,local,False
0.1,0.008834777590939423,0.7723577235772358,0.7733050847457628,-0.38773148148148145,-0.040100250626566414,-0.3164190924553959,-0.09362242936639853,123,27,0.7795275590551181,0.7803016198100913,-0.2317821067821068,-0.10057471264367823,-0.23632231553409033,-0.13178329084967744,254,56,43,12,eo,local,False
2.305106357568975,0.01250933474673741,0.6910569105691057,0.6925317796610169,-0.27199074074074076,0.06516290726817042,-0.24291997867489784,-0.039071193212330546,123,27,0.7440944881889764,0.7447092409855396,-0.14520202020202022,-0.06609195402298851,-0.14789989742875093,-0.0467945691026832,254,56,43,13,eo,local,False
0.10422943311492795,0.27617050808328825,0.7642276422764228,0.7621822033898304,-0.3865740740740741,0.05012531328320802,-0.3807870553002296,-0.09819198992187361,123,27,0.7952755905511811,0.7933345745671196,-0.31998556998557,-0.06206896551724128,-0.2960266238443008,-0.17583753268031033,254,56,43,14,eo,local,False
0.17986778633313869,0.0021882951975921295,0.8130081300813008,0.814353813559322,-0.32986111111111116,0.08521303258145363,-0.31155637615679377,-0.08737991356237185,123,27,0.7795275590551181,0.7803016198100913,-0.2317821067821068,-0.025287356321839094,-0.21705746416386867,-0.13070835015126347,254,56,43,15,eo,local,True
3162.2776601683795,0.0013641820604656627,0.6666666666666666,0.6697563559322034,-0.2673611111111111,-0.02506265664160401,-0.03930273539973078,0.007119824003456232,123,27,0.7047244094488189,0.7060448085396884,-0.1607142857142857,-0.07241379310344831,-0.04236494644960287,-0.03019684161776781,254,56,43,16,eo,local,True
3162.2776601683795,0.001997558822405639,0.6585365853658537,0.6639300847457628,-0.24189814814814814,-0.1152882205513785,-0.06639958361025766,-0.018722363768663652,123,27,0.6968503937007874,0.6994042077825359,-0.13311688311688308,-0.09597701149425286,-0.05498200092695832,-0.04589182140155773,254,56,43,17,eo,local,False
1483.3707968757556,0.001,0.6585365853658537,0.6619438559322034,-0.2569444444444445,-0.007518796992481258,-0.03165120215810563,0.01704765045851997,123,27,0.6968503937007874,0.6979147272388755,-0.14790764790764793,-0.14770114942528734,-0.03864782653523213,-0.02240307533192909,254,56,43,18,eo,local,False
3.351850307289265,0.001,0.7642276422764228,0.7668167372881356,-0.3356481481481482,0.01253132832080206,-0.1660464020980591,-0.025212162755485767,123,27,0.7677165354330708,0.7683547446161485,-0.14520202020202022,-0.01666666666666672,-0.0721204832309123,-0.030978106339087375,254,56,43,19,eo,local,True
2.132040220175424,0.31622776601683794,0.7398373983739838,0.7387447033898304,-0.3553240740740741,0.10275689223057638,-0.3224043427881379,-0.025193557199230776,123,27,0.7874015748031497,0.7854527400235835,-0.22835497835497837,0.02183908045977012,-0.21717902781332782,-0.0928506146506245,254,56,43,20,eo,local,True
2.4790284500369433,0.0020779772544343273,0.7642276422764228,0.7668167372881356,-0.2881944444444444,0.01253132832080206,-0.21536143272856456,-0.025416575054775792,123,27,0.7559055118110236,0.7569043629367591,-0.1529581529581529,0.009195402298850519,-0.10860298143183705,-0.03951855459004294,254,56,43,21,eo,local,False
0.1,0.061452685347478095,0.7804878048780488,0.7817796610169492,-0.3773148148148148,-0.040100250626566414,-0.3795181034430344,-0.17879090333044678,123,27,0.7992125984251969,0.7996338360330169,-0.31565656565656564,-0.21034482758620687,-0.3125709917096953,-0.23446331937080145,254,56,43,22,eo,local,False
1029.3229126359258,0.06964448709961378,0.6991869918699187,0.7016684322033898,-0.24074074074074076,-0.07769423558897248,-0.24045425461314257,-0.06531730348042342,123,27,0.7047244094488189,0.7057965617824118,-0.07918470418470419,0.14482758620689662,-0.09485963709344752,0.031554455592881725,254,56,43,23,eo,local,False
59.274360196972026,0.012727746807081948,0.7723577235772358,0.7746292372881356,-0.19707792207792207,0.06868686868686869,-0.15176850925925395,0.07387871841965898,123,35,0.7913385826771654,0.7920002482467572,-0.14520202020202022,0.03275862068965518,-0.11875938238209172,-0.03721770807758151,254,56,44,0,eo,local,False
1.9515492210711058,0.06805877110737665,0.7967479674796748,0.7980667372881356,-0.1912337662337662,0.014141414141414121,-0.21994168968847044,-0.016874529963189944,123,35,0.8110236220472441,0.812077204741513,-0.22168109668109676,-0.05114942528735633,-0.21682586953578803,-0.12585311316210646,254,56,44,1,eo,local,False
0.6048615660858381,0.0015317635276170557,0.8211382113821138,0.8215042372881356,-0.30519480519480524,-0.04040404040404044,-0.21323171674286007,-0.028156831619715494,123,35,0.8149606299212598,0.8153975051200893,-0.2927489177489177,-0.07701149425287357,-0.19546031631149008,-0.11964601267600206,254,56,44,2,eo,local,False
2346.9220063442062,0.13001571542837276,0.5284552845528455,0.5442266949152542,-0.07922077922077922,0.07676767676767676,-0.15063925710546047,-0.030448156083473066,123,35,0.5196850393700787,0.5293862098926333,0.004509379509379519,-0.09942528735632183,-0.09020806674136275,-0.18476643467204237,254,56,44,3,eo,local,False
271.206750478707,0.002186013595699712,0.7967479674796748,0.7993908898305084,-0.22564935064935066,0.0505050505050505,-0.14641069069190266,0.034116624717158484,123,35,0.7795275590551181,0.7800533730528145,-0.218975468975469,-0.10919540229885061,-0.11414782346184615,-0.04807663982541388,254,56,44,4,eo,local,False
0.2591744212440196,0.18551748328424342,0.7967479674796748,0.7974046610169492,-0.37370129870129876,-0.13333333333333341,-0.3269619129126432,-0.12109074589203705,123,35,0.7992125984251969,0.7993855892757401,-0.39448051948051954,-0.3695402298850574,-0.34611848664361167,-0.3001143659909266,254,56,44,5,eo,local,False
10.336469549603255,0.004319351220471781,0.8292682926829268,0.8306408898305084,-0.27110389610389607,-0.022222222222222254,-0.20693937235862603,0.0015220629145400455,123,35,0.7992125984251969,0.7991373425184634,-0.19841269841269843,-0.0017241379310344307,-0.16082561410752538,-0.08695650442407055,254,56,44,6,eo,local,True
83.81735903046965,0.023092478840402046,0.7642276422764228,0.7654925847457628,-0.1912337662337662,0.0505050505050505,-0.14034279108761094,0.07779843523120034,123,35,0.7755905511811023,0.7762365791596848,-0.09938672438672436,0.050000000000000044,-0.10406968284742357,-0.020998515989417377,254,56,44,7,eo,local,False
5.3082540692305376,0.001,0.7967479674796748,0.7993908898305084,-0.3055194805194805,0.0505050505050505,-0.1466525616148462,0.017887403507425348,123,35,0.7795275590551181,0.7807981133246447,-0.25739538239538245,-0.1586206896551724,-0.12044830082056973,-0.07344006788970403,254,56,44,8,eo,local,False
0.1,0.012435616339787495,0.8455284552845529,0.8462658898305084,-0.2938311688311689,-0.05858585858585852,-0.26453550830846295,-0.04747590841066962,123,35,0.8188976377952756,0.8192142990132192,-0.2977994227994228,-0.16091954022988508,-0.25508648145310236,-0.1625147584269101,254,56,44,9,eo,local,False
4.116659651972414,0.008630688644137796,0.8292682926829268,0.8306408898305084,-0.27110389610389607,-0.022222222222222254,-0.22182349091178022,-0.0074860603369847345,123,35,0.7992125984251969,0.7993855892757401,-0.2112193362193362,-0.14367816091954022,-0.17964289076293688,-0.1150092561311763,254,56,44,10,eo,local,False
7.535680313783944,0.04102006023825083,0.8130081300813008,0.8150158898305084,-0.1685064935064935,0.014141414141414121,-0.18608405014088786,0.023421792129073582,123,35,0.7992125984251969,0.800378576304847,-0.17081529581529575,-0.03390804597701158,-0.1702921441433653,-0.08689695529468433,254,56,44,11,eo,local,False
0.1,0.0031067243121977437,0.8373983739837398,0.837791313559322,-0.30519480519480524,-0.05858585858585852,-0.26522131693827644,-0.06015411157048112,123,35,0.8110236220472441,0.8113324644696829,-0.2977994227994228,-0.1522988505747127,-0.25247027460703414,-0.16257471220417963,254,56,44,12,eo,local,False
1.4448800079644424,0.00819772142072169,0.8536585365853658,0.8554025423728814,-0.2597402597402597,-0.04040404040404044,-0.23068688381100433,-0.014799250120466456,123,35,0.8031496062992126,0.8036988766834233,-0.2647907647907648,-0.13505747126436785,-0.19972240040633116,-0.11524764009076971,254,56,44,13,eo,local,True
14.840260745270397,0.001,0.7967479674796748,0.7993908898305084,-0.3055194805194805,0.0505050505050505,-0.13281547755922202,0.036419736586435936,123,35,0.7716535433070866,0.7729162787811084,-0.23448773448773452,-0.15000000000000002,-0.1079775041713773,-0.0576334171510976,254,56,44,14,eo,local,False
4.258796635637861,0.003240276142416724,0.8373983739837398,0.8391154661016949,-0.2597402597402597,-0.022222222222222254,-0.20239195626156475,0.0019729512207435906,123,35,0.8070866141732284,0.8075156705765532,-0.22402597402597396,-0.0683908045977012,-0.1605201481947673,-0.07803239559048214,254,56,44,15,eo,local,True
0.41108180711915804,0.006677087633819865,0.8536585365853658,0.8554025423728814,-0.29967532467532465,-0.04040404040404044,-0.2479341657662933,-0.031804107310193896,123,35,0.8149606299212598,0.8153975051200893,-0.2927489177489177,-0.1522988505747127,-0.2279549225305394,-0.12992076337680047,254,56,44,16,eo,local,False
0.6707198841536816,0.019424746748180618,0.8373983739837398,0.8384533898305084,-0.28246753246753253,-0.04040404040404044,-0.22897268125980896,-0.01841654672165116,123,35,0.8110236220472441,0.8115807112269595,-0.2647907647907648,-0.0683908045977012,-0.21173386597430705,-0.11098260274906269,254,56,44,17,eo,local,False
6.674015353317792,0.00362718419969177,0.8455284552845529,0.8475900423728814,-0.24837662337662336,-0.022222222222222254,-0.20292635247619312,0.0038079807102078256,123,35,0.7992125984251969,0.7993855892757401,-0.18831168831168826,0.006896551724137945,-0.15806898279088683,-0.0782904985435735,254,56,44,18,eo,local,True
3162.2776601683795,0.001,0.6422764227642277,0.6496292372881356,-0.175,-0.0282828282828283,-0.06448979287759049,0.016118424257846764,123,35,0.6023622047244095,0.6063116738037609,-0.14123376623376627,-0.09137931034482755,-0.052698006826583266,-0.0376276517479584,254,56,44,19,eo,local,False
2886.436866722599,0.004003068156622235,0.7398373983739838,0.7407309322033898,-0.32240259740259747,-0.06060606060606066,-0.12842690274603186,0.029863791694544783,123,35,0.7559055118110236,0.7549183888785453,-0.1650432900432901,0.015517241379310431,-0.10092716849534028,-0.053109046277301064,254,56,44,20,eo,local,False
0.1753565096752249,0.007495727282839963,0.8617886178861789,0.8632150423728814,-0.3110389610389611,-0.05858585858585852,-0.25848547182130543,-0.04034557596902655,123,35,0.8149606299212598,0.8153975051200893,-0.2927489177489177,-0.1522988505747127,-0.24520223894798904,-0.14967318643098593,254,56,44,21,eo,local,True
8.125370880926932,0.31622776601683794,0.8130081300813008,0.814353813559322,-0.23116883116883113,-0.004040404040404066,-0.22402800032748033,0.019817215678366695,123,35,0.8070866141732284,0.8080121640911065,-0.22673160173160173,0.024137931034482807,-0.21292984317672348,-0.12350983695908535,254,56,44,22,eo,local,False
71.48239525908564,0.31622776601683794,0.8048780487804879,0.8058792372881356,-0.20259740259740255,-0.004040404040404066,-0.19669304096386409,0.0037041047907838687,123,35,0.7716535433070866,0.7719232917520016,-0.25198412698412703,-0.03390804597701158,-0.19702157999834902,0.003585685772858782,254,56,44,23,eo,local,False
1.3971568988242808,0.002033759809434329,0.8211382113821138,0.8215042372881356,-0.47909024211298606,-0.5287356321839081,-0.3163992275298735,-0.37498437493354425,123,29,0.7834645669291339,0.7831254266741141,-0.23142135642135642,-0.14367816091954022,-0.21393069623960093,-0.13963590985399554,254,56,45,0,eo,local,True
2061.135549145866,0.14277843229445672,0.4796747967479675,0.5,0.0,0.0,-0.01603611745059856,-0.015787499796213775,123,29,0.484251968503937,0.5,0.0,0.0,-0.01714011306511097,-0.019366484398193568,254,56,45,1,eo,local,False
24.052340237348034,0.005014843057146534,0.8211382113821138,0.8215042372881356,-0.433969185619956,-0.5287356321839081,-0.34092782146993666,-0.4170213134038722,123,29,0.8110236220472441,0.8113324644696829,-0.3207070707070707,-0.22758620689655173,-0.24512530109760433,-0.19003289934547474,254,56,45,2,eo,local,False
0.7954905528702539,0.019686926488396265,0.8048780487804879,0.8032309322033898,-0.49779897285399854,-0.5632183908045978,-0.3789836646891961,-0.39393255752564843,123,29,0.7952755905511811,0.7950723018680568,-0.27218614718614725,-0.07701149425287357,-0.2149595356291673,-0.11125036703272806,254,56,45,3,eo,local,False
0.14934543100767006,0.010116871146379785,0.8373983739837398,0.8358050847457628,-0.5429200293470287,-0.5977011494252873,-0.42797990919241813,-0.44970494859862603,123,29,0.8070866141732284,0.8065226835474462,-0.3102453102453102,-0.1028735632183908,-0.2748961867835147,-0.18223407040724804,254,56,45,4,eo,local,True
215.49544681905857,0.04164692312674699,0.7804878048780488,0.7797934322033898,-0.37564196625091706,-0.5114942528735633,-0.3490103957047159,-0.4378052469471405,123,29,0.7913385826771654,0.791255507974927,-0.26713564213564217,-0.14367816091954022,-0.24854732607390523,-0.16202198997054296,254,56,45,5,eo,local,False
448.0342846742841,0.004105706475280637,0.8048780487804879,0.8072033898305084,-0.41526045487894353,-0.4597701149425288,-0.25917066804250194,-0.3067001378399203,123,29,0.7677165354330708,0.7690994848879786,-0.22943722943722944,-0.14137931034482765,-0.17321039145962913,-0.13380893665826177,254,56,45,6,eo,local,True
15.09247720421236,0.30225035947880324,0.7967479674796748,0.7940942796610169,-0.3943506969919296,-0.39655172413793105,-0.37172388408595447,-0.40458431015668933,123,29,0.7874015748031497,0.78495624650903,-0.22564935064935066,-0.07068965517241377,-0.22014591342459294,-0.12896637177929804,254,56,45,7,eo,local,False
2573.5235793961497,0.001,0.4715447154471545,0.4789459745762712,-0.09904622157006601,-0.14367816091954025,-0.041707516919140986,-0.04629673312107724,123,29,0.42913385826771655,0.43415254763234656,-0.18235930735930736,-0.1597701149425287,-0.07392013315944618,-0.04744131631035914,254,56,45,8,eo,local,False
3076.157411606284,0.005421035607847119,0.7642276422764228,0.767478813559322,-0.38334556126192226,-0.39080459770114945,-0.212684723039541,-0.2511670463986096,123,29,0.7362204724409449,0.7390616272574939,-0.19173881673881676,-0.2057471264367816,-0.14379871024617125,-0.12846239796657666,254,56,45,9,eo,local,True
3162.2776601683795,0.31622776601683794,0.4796747967479675,0.5,0.0,0.0,-0.0027947012708660827,-0.0009367808831913192,123,29,0.484251968503937,0.5,0.0,0.0,-0.002890453567156256,-0.0029562937596380634,254,56,45,10,eo,local,True
0.1,0.31622776601683794,0.7804878048780488,0.7778072033898304,-0.4845928099779898,-0.5632183908045978,-0.4530604259654714,-0.5566769318505265,123,29,0.7992125984251969,0.7993855892757401,-0.39448051948051954,-0.2942528735632184,-0.34167171417022246,-0.26745776790093856,254,56,45,11,eo,local,False
2132.5987954876596,0.0025062795890718518,0.7398373983739838,0.7447033898305084,-0.3301540719002201,-0.5057471264367817,-0.1448015496134758,-0.16083135070471932,123,29,0.7007874015748031,0.7032210016756657,-0.18398268398268403,-0.2551724137931034,-0.11073708719967673,-0.08860957795518565,254,56,45,12,eo,local,True
3162.2776601683795,0.061377649604307034,0.4796747967479675,0.5,0.0,0.0,-0.010208544059658611,-0.02053436929702588,123,29,0.484251968503937,0.5,0.0,0.0,-0.012687843991779489,-0.019019146439961908,254,56,45,13,eo,local,False
2152.223006393929,0.0016839340817815106,0.6016260162601627,0.6059322033898304,-0.25055025678650034,-0.367816091954023,-0.098750508747727,-0.1079753101214595,123,29,0.610236220472441,0.6146900018618506,-0.2584776334776334,-0.38390804597701156,-0.09465260157955635,-0.07022248719786778,254,56,45,14,eo,local,True
1.2630089336441734,0.004984793129218775,0.8211382113821138,0.8195180084745763,-0.49779897285399854,-0.5804597701149425,-0.3521016699447135,-0.3901398669628576,123,29,0.8110236220472441,0.8100912306832992,-0.30248917748917753,-0.04482758620689653,-0.22842881649102298,-0.1287456002771512,254,56,45,15,eo,local,False
3162.2776601683795,0.0035202980797696733,0.7560975609756098,0.7609904661016949,-0.4203961848862803,-0.5229885057471265,-0.1607069316171848,-0.18250252289333563,123,29,0.7204724409448819,0.7230497114131447,-0.22474747474747475,-0.27241379310344827,-0.11681867410223207,-0.09845823817725835,254,56,45,16,eo,local,True
4.137856854949344,0.08189416099788083,0.8130081300813008,0.8117055084745763,-0.48716067498165805,-0.5632183908045978,-0.4279215186885582,-0.49267450171447863,123,29,0.8031496062992126,0.8027058896543164,-0.2822871572871573,-0.018965517241379293,-0.2762369525850338,-0.19990755846488406,254,56,45,17,eo,local,False
0.1,0.001,0.7967479674796748,0.798728813559322,-0.5161408657373441,-0.8275862068965517,-0.31590554900932033,-0.3645761453642927,123,29,0.7755905511811023,0.7757400856451313,-0.37157287157287155,-0.3436781609195402,-0.2556359330548341,-0.21747173456282448,254,56,45,18,eo,local,False
3162.2776601683795,0.0021450953168174625,0.7154471544715447,0.720603813559322,-0.27439471753484956,-0.47126436781609204,-0.12096043594143274,-0.13358214026552512,123,29,0.6771653543307087,0.6808167318314404,-0.22510822510822512,-0.26149425287356326,-0.1008774888853598,-0.07794984871114813,254,56,45,19,eo,local,True
3162.2776601683795,0.0014335346613676176,0.5447154471544715,0.5512447033898304,-0.22120322817314747,-0.43103448275862066,-0.07271309460425152,-0.07931388426443625,123,29,0.5393700787401575,0.5437534909700242,-0.2584776334776334,-0.30632183908045973,-0.08436290291373177,-0.058353369597388405,254,56,45,20,eo,local,True
3162.2776601683795,0.017400125065492378,0.7560975609756098,0.7583421610169492,-0.27989728539985326,-0.4080459770114943,-0.24666268502581407,-0.32169754126633726,123,29,0.7362204724409449,0.7393098740147707,-0.25036075036075034,-0.19712643678160924,-0.1515789916130753,-0.11009611049774043,254,56,45,21,eo,local,False
0.1,0.0021308164547540957,0.8130081300813008,0.8123675847457628,-0.5110051357300074,-0.5459770114942528,-0.38920541913798645,-0.4496803180496583,123,29,0.8031496062992126,0.8029541364115931,-0.318001443001443,-0.2362068965517241,-0.2802208803051849,-0.21610215912605157,254,56,45,22,eo,local,False
2.9462793223234973,0.011250102750930082,0.7886178861788617,0.7869438559322034,-0.45267791636096844,-0.5459770114942528,-0.37971474796120874,-0.4407888386377144,123,29,0.8031496062992126,0.8022093961397629,-0.30248917748917753,-0.1114942528735633,-0.25559322547666796,-0.1743508865521557,254,56,45,23,eo,local,False
0.3771644659095569,0.002233472135013103,0.7479674796747967,0.7505296610169492,-0.24494949494949497,0.3389830508474576,-0.17314006065046694,0.1443148760724876,123,24,0.7755905511811023,0.7754918388878544,-0.15259740259740256,0.024137931034482807,-0.1340882685438637,-0.03710521189817062,254,56,46,0,eo,local,False
78.83220249330644,0.07408663848617149,0.7886178861788617,0.7882680084745763,-0.23232323232323232,0.22033898305084743,-0.18475531655330807,0.13950005681964306,123,24,0.7204724409448819,0.7170917892385031,-0.16937229437229434,0.04770114942528736,-0.11737308103964472,-0.017424172113232106,254,56,46,1,eo,local,False
314.770119577107,0.005420951619802337,0.6504065040650406,0.6561175847457628,-0.14393939393939392,0.30847457627118646,-0.034879903468971296,0.13465622797355814,123,24,0.6377952755905512,0.6428970396574195,0.06457431457431456,0.059195402298850563,0.01808668705695249,0.04155008884082578,254,56,46,2,eo,local,False
1.5040501115715839,0.12829086167130116,0.7967479674796748,0.7993908898305084,-0.24494949494949497,0.288135593220339,-0.20368863854938274,0.12825903677050088,123,24,0.7755905511811023,0.7749953453733011,-0.17279942279942279,0.006896551724137945,-0.16795023377281898,-0.057637778856930666,254,56,46,3,eo,local,False
13.451957176320269,0.016216514888552528,0.7479674796747967,0.7525158898305084,-0.23611111111111108,0.17288135593220344,-0.147619781912201,0.08330666688034094,123,24,0.7480314960629921,0.7485260348786694,-0.1502525252525253,0.07586206896551728,-0.11394117169940915,-0.007518085479822023,254,56,46,4,eo,local,False
2813.437791662146,0.1809415427244644,0.5609756097560976,0.5701800847457628,-0.03282828282828282,0.27796610169491526,0.009532554560589934,0.2934719843438223,123,24,0.531496062992126,0.5390988642710854,0.05609668109668106,0.11551724137931035,0.0639266626095682,0.1181481721068744,254,56,46,5,eo,local,False
62.775351975034695,0.0015483457000259348,0.6666666666666666,0.6704184322033898,-0.20454545454545453,0.240677966101695,-0.04846599441247457,0.1362244431750249,123,24,0.6377952755905512,0.6419040526283125,-0.04455266955266951,0.02471264367816095,-0.0007321108186357228,0.04640881537363445,254,56,46,6,eo,local,False
0.30053485438288097,0.025329076111137026,0.8048780487804879,0.8072033898305084,-0.30681818181818177,0.05423728813559325,-0.24607132465785575,0.03970043078317487,123,24,0.7795275590551181,0.779556879538261,-0.21626984126984128,0.024137931034482807,-0.21642110176474494,-0.10117709878617998,254,56,46,7,eo,local,False
0.1,0.043596677856415585,0.7967479674796748,0.798728813559322,-0.31691919191919193,0.05423728813559325,-0.280383684594805,-0.0026422144750416487,123,24,0.7795275590551181,0.7790603860237075,-0.2822871572871573,-0.14367816091954022,-0.26156699564291125,-0.1710612490152319,254,56,46,8,eo,local,True
28.099879530618317,0.31622776601683794,0.8048780487804879,0.8045550847457628,-0.23232323232323232,0.2033898305084746,-0.17023300746193554,0.16760036033909698,123,24,0.7125984251968503,0.709954694966797,-0.161976911976912,0.006896551724137945,-0.12801052833729076,-0.03856293774991382,254,56,46,9,eo,local,False
0.27305285580523697,0.1741890150762568,0.7723577235772358,0.7746292372881356,-0.30681818181818177,0.08813559322033904,-0.2313385910573274,0.09871049202915472,123,24,0.7874015748031497,0.7866939738099672,-0.2007575757575758,-0.010344827586206806,-0.2061111764309721,-0.08204715812134544,254,56,46,10,eo,local,False
16.35673384909438,0.13240694691480465,0.8130081300813008,0.8156779661016949,-0.19318181818181818,0.27118644067796616,-0.1639844557820735,0.12815428688111952,123,24,0.7637795275590551,0.7637932104511885,-0.1475468975468976,0.04137931034482767,-0.1355092994459538,-0.027650219424702693,254,56,46,11,eo,local,False
0.1,0.02077932787260728,0.7886178861788617,0.7915783898305084,-0.28661616161616166,0.08813559322033904,-0.2757662904185403,-0.005723282025527077,123,24,0.7755905511811023,0.7754918388878544,-0.26713564213564217,-0.12643678160919547,-0.2502859179061551,-0.1375690433314477,254,56,46,12,eo,local,False
0.5310096798580807,0.040854067425065935,0.7967479674796748,0.7993908898305084,-0.2967171717171717,0.0711864406779662,-0.2543133404199975,0.011240439805186409,123,24,0.7874015748031497,0.7874387140817973,-0.2391774891774891,-0.05977011494252882,-0.22679302074612506,-0.12015680435231357,254,56,46,13,eo,local,True
0.1,0.031197404167995317,0.8048780487804879,0.8072033898305084,-0.30681818181818177,0.05423728813559325,-0.26750211991285056,0.028534619358636548,123,24,0.7716535433070866,0.7714267982374481,-0.27218614718614725,-0.12643678160919547,-0.24305835080972749,-0.1409692724973991,254,56,46,14,eo,local,True
8.165765744234923,0.09264808503400154,0.8211382113821138,0.8234904661016949,-0.2032828282828283,0.2542372881355932,-0.18721354695394482,0.11128214665893787,123,24,0.7677165354330708,0.7676100043443183,-0.1755050505050505,0.03275862068965518,-0.14915400997263178,-0.047198790915567224,254,56,46,15,eo,local,False
5.111825599657744,0.06742288131333084,0.8373983739837398,0.8391154661016949,-0.22348484848484845,0.22033898305084743,-0.206031925940999,0.09696469362193749,123,24,0.7755905511811023,0.7749953453733011,-0.17279942279942279,0.08218390804597708,-0.16205113451786124,-0.06141973922735655,254,56,46,16,eo,local,True
2.215639097240617,0.0505592548238138,0.8130081300813008,0.8150158898305084,-0.2133838383838384,0.2542372881355932,-0.2103706852819846,0.10776877628670911,123,24,0.7755905511811023,0.7752435921305778,-0.20851370851370848,0.015517241379310431,-0.1691187659068864,-0.0679468450147187,254,56,46,17,eo,local,False
12.193019471540136,0.0960789475029063,0.8211382113821138,0.8234904661016949,-0.2032828282828283,0.2542372881355932,-0.17830425610699968,0.11825342307151376,123,24,0.7598425196850394,0.7597281698007821,-0.15259740259740256,0.04137931034482767,-0.1425931522285721,-0.03750742126641604,254,56,46,18,eo,local,False
9.03558724677062,0.12052567125397766,0.8130081300813008,0.8156779661016949,-0.19318181818181818,0.27118644067796616,-0.17692469811593797,0.12049378207174388,123,24,0.7755905511811023,0.7754918388878544,-0.1755050505050505,0.024137931034482807,-0.14368671377210956,-0.04153369136754126,254,56,46,19,eo,local,False
0.16506767885398754,0.028803179734294138,0.7886178861788617,0.7915783898305084,-0.28661616161616166,0.08813559322033904,-0.25365484809042,0.03473767098986502,123,24,0.7755905511811023,0.7754918388878544,-0.24422799422799418,-0.05114942528735633,-0.22985787472847585,-0.12086523002249072,254,56,46,20,eo,local,False
9.871534250409699,0.0770344724167019,0.8292682926829268,0.8313029661016949,-0.2133838383838384,0.23728813559322037,-0.1837318711678939,0.11288489842061267,123,24,0.7677165354330708,0.767858251101595,-0.16540404040404044,0.04137931034482767,-0.14660635649096926,-0.041617394846746314,254,56,46,21,eo,local,False
1.166529323559134,0.04362415914362917,0.8211382113821138,0.8234904661016949,-0.2550505050505051,0.2542372881355932,-0.21955446458675648,0.09794210000752901,123,24,0.7755905511811023,0.7754918388878544,-0.22132034632034625,-0.05114942528735633,-0.17984321120334185,-0.078141356739162,254,56,46,22,eo,local,False
8.213368186670495,0.06300802994539874,0.8211382113821138,0.8234904661016949,-0.2032828282828283,0.2542372881355932,-0.1788830297100687,0.12122475016799006,123,24,0.7598425196850394,0.7602246633153354,-0.15530303030303028,0.05862068965517242,-0.1412720841657663,-0.035042174652903935,254,56,46,23,eo,local,False
11.367809134856902,0.1761879408288609,0.7723577235772358,0.7699947033898304,-0.292929292929293,-0.2321428571428571,-0.24261806384928414,-0.2088509895173567,123,24,0.7874015748031497,0.7861974802954137,-0.17514430014430016,0.04770114942528736,-0.2116203282274034,-0.09692514464045043,254,56,47,0,eo,local,False
2090.7594380550395,0.0015180768829517258,0.7073170731707317,0.7041843220338984,-0.002525252525252486,0.1071428571428571,-0.041599334377531993,0.0096782975430999,123,24,0.6811023622047244,0.6794203438217588,-0.1444805194805195,-0.074712643678161,-0.015463832701310465,0.02617519351428954,254,56,47,1,eo,local,False
144.6363210574635,0.03210300546301938,0.6910569105691057,0.6892213983050848,-0.2209595959595959,-0.2678571428571429,-0.1683780304532536,-0.12542795363281456,123,24,0.7637795275590551,0.7628002234220815,-0.18795093795093792,0.1574712643678161,-0.14803698493273926,0.014961124068104681,254,56,47,2,eo,local,False
0.7879142290384902,0.011642079535070703,0.8211382113821138,0.8195180084745763,-0.3762626262626263,-0.4107142857142857,-0.28232640279174753,-0.23934210171656944,123,24,0.7834645669291339,0.7828771799168374,-0.2644300144300144,-0.0017241379310344307,-0.25163406534301863,-0.11514459620176376,254,56,47,3,eo,local,True
0.2339704677606419,0.039069446370764656,0.7804878048780488,0.7784692796610169,-0.38636363636363635,-0.375,-0.329250616575309,-0.30065150658733075,123,24,0.7795275590551181,0.7790603860237075,-0.32810245310245306,-0.14367816091954022,-0.3123087547984899,-0.2076565672611368,254,56,47,4,eo,local,False
40.304947723425194,0.006675529496279099,0.7235772357723578,0.7231197033898304,-0.2840909090909091,-0.2678571428571429,-0.1734693854003016,-0.10315452542688164,123,24,0.7755905511811023,0.7757400856451313,-0.18831168831168826,0.03275862068965518,-0.1458442037132895,-0.016036251257976586,254,56,47,5,eo,local,False
495.8434007219158,0.14305013844076467,0.6829268292682927,0.6814088983050848,-0.2626262626262626,-0.25,-0.24313814277911205,-0.2584177930090975,123,24,0.7795275590551181,0.7788121392664309,-0.17784992784992787,0.0735632183908046,-0.17455361713026396,0.02162872555654971,254,56,47,6,eo,local,False
2.883815944616238,0.0026793987190425715,0.7804878048780488,0.783103813559322,-0.19318181818181818,-0.1071428571428571,-0.1336249046008846,-0.07280726650995872,123,24,0.7755905511811023,0.7769813194315149,-0.18362193362193363,0.0005747126436781436,-0.13120239265101813,-0.006063587034399465,254,56,47,7,eo,local,False
0.6990969886052893,0.001,0.8048780487804879,0.8058792372881356,-0.24368686868686867,-0.1785714285714286,-0.10454598285558847,-0.02604811585375244,123,24,0.7322834645669292,0.7325141190343201,-0.2061688311688311,0.009195402298850519,-0.10299766524782211,-0.01718546611139149,254,56,47,8,eo,local,False
28.05752965936463,0.001,0.7560975609756098,0.7543697033898304,0.037878787878787956,0.2321428571428571,-0.03495846022710658,0.028487731303487474,123,24,0.7362204724409449,0.7360826661701731,-0.12968975468975474,-0.008045977011494343,-0.05029345813918251,0.015078690750845558,254,56,47,9,eo,local,False
3162.2776601683795,0.0055866924320559,0.6910569105691057,0.6859110169491525,-0.21843434343434348,-0.2142857142857143,-0.11061672196544775,-0.07191016471811706,123,24,0.7125984251968503,0.7104511884813505,-0.14177489177489178,0.024137931034482807,-0.07958005263079038,-0.005203060531753234,254,56,47,10,eo,local,False
0.1,0.001,0.7967479674796748,0.7980667372881356,-0.23358585858585862,-0.1607142857142857,-0.11378954453487888,-0.03677024013761965,123,24,0.7362204724409449,0.7363309129274499,-0.2112193362193362,0.0005747126436781436,-0.09977909699378029,-0.021198752030045065,254,56,47,11,eo,local,False
0.42768750706087677,0.002608990360543621,0.8130081300813008,0.8123675847457628,-0.3459595959595959,-0.375,-0.24072276787465496,-0.17879873580698458,123,24,0.7637795275590551,0.7640414572084653,-0.27489177489177485,-0.025287356321839094,-0.22206253589239788,-0.10495156418831875,254,56,47,12,eo,local,False
112.4275505349799,0.002214716986296779,0.7235772357723578,0.7211334745762712,-0.08585858585858586,-0.0357142857142857,-0.06164268979031334,0.0006310855969786644,123,24,0.7401574803149606,0.7396512133060262,-0.09902597402597396,-0.025287356321839094,-0.06290671532277503,-7.775917049801517e-05,254,56,47,13,eo,local,True
260.4135967536401,0.001,0.7235772357723578,0.7211334745762712,0.017676767676767735,0.1071428571428571,-0.03303465926361204,0.022063479891845206,123,24,0.7086614173228346,0.7073791348600509,-0.15223665223665223,-0.09195402298850575,-0.02659679594762826,0.02000462527590241,254,56,47,14,eo,local,False
1.5958470602612733,0.31622776601683794,0.7642276422764228,0.7601959745762712,-0.3434343434343435,-0.2678571428571429,-0.2506076717499945,-0.22997447316135677,123,24,0.7716535433070866,0.768696083907404,-0.24585137085137088,0.0045977011494253706,-0.2213174314464914,-0.10351221745341321,254,56,47,15,eo,local,False
3.7188971418829158,0.001,0.8130081300813008,0.8136917372881356,-0.1502525252525253,0.0892857142857143,-0.0656122706378951,0.013538372170712298,123,24,0.7598425196850394,0.7607211568298888,-0.158008658008658,0.07586206896551728,-0.07681836381092305,0.014686883309449228,254,56,47,16,eo,local,True
255.59176857060487,0.0016494328024820645,0.7073170731707317,0.7048463983050848,0.017676767676767735,0.125,-0.037793703565392855,0.028816664857523766,123,24,0.7244094488188977,0.7228945571898466,-0.1852453102453102,-0.042528735632183956,-0.03460167675758852,0.015724180510331864,254,56,47,17,eo,local,False
0.7728781549976429,0.0020581231642174667,0.8130081300813008,0.8123675847457628,-0.3459595959595959,-0.375,-0.19453292604385303,-0.1293133779295853,123,24,0.7637795275590551,0.7640414572084653,-0.22907647907647904,0.050000000000000044,-0.1797269248533967,-0.06710316602611688,254,56,47,18,eo,local,False
3162.2776601683795,0.001,0.7073170731707317,0.7048463983050848,-0.08585858585858586,-0.017857142857142905,-0.03885814788365605,-0.0017861755830901327,123,24,0.6614173228346457,0.6595916340842798,-0.12662337662337664,-0.05747126436781613,-0.009232915067053482,0.024252964427758927,254,56,47,19,eo,local,False
1.5080938715083911,0.001,0.7886178861788617,0.7895921610169492,-0.24368686868686867,-0.1607142857142857,-0.10110304260043179,-0.017145754902490595,123,24,0.7480314960629921,0.7485260348786694,-0.218975468975469,0.0005747126436781436,-0.10435675792826121,-0.011740801012378954,254,56,47,20,eo,local,False
0.6645657969852727,0.004306642168123554,0.8130081300813008,0.8117055084745763,-0.36616161616161613,-0.3928571428571429,-0.2645754272122915,-0.20015445817261934,123,24,0.7637795275590551,0.7632967169366349,-0.2593795093795093,0.024137931034482807,-0.2372534296533811,-0.11277342000655055,254,56,47,21,eo,local,False
94.07295052566877,0.0031175847075121522,0.7235772357723578,0.7211334745762712,-0.1376262626262626,-0.0357142857142857,-0.0821013520942116,-0.019004236640674743,123,24,0.7637795275590551,0.7628002234220815,-0.09632034632034625,0.006896551724137945,-0.0805812408243175,-0.008802497573196844,254,56,47,22,eo,local,False
26.271059333269054,0.002043619875376022,0.7154471544715447,0.7172934322033898,-0.16161616161616166,-0.1964285714285714,-0.07924258009991564,-0.023845380305179575,123,24,0.7716535433070866,0.7731645255383852,-0.15566378066378067,0.08448275862068966,-0.0902518282360888,0.0023828866195747533,254,56,47,23,eo,local,False
1.6091923256142837,0.0014438275022970704,0.7967479674796748,0.7980667372881356,-0.35102040816326524,-0.10382513661202186,-0.2163348637460446,0.01013324519649883,123,25,0.7637795275590551,0.7642897039657419,-0.08152958152958151,0.05862068965517242,-0.08331486976787467,-0.02378763376638815,254,56,48,0,eo,local,True
18.55577419729505,0.2141432213158862,0.7804878048780488,0.7797934322033898,-0.3620408163265306,-0.13661202185792354,-0.30710649494290804,-0.01768374679192819,123,25,0.7283464566929134,0.7262148575684231,-0.09595959595959591,0.08218390804597708,-0.0954869070452703,0.014887028731320084,254,56,48,1,eo,local,False
958.9610623005464,0.011601931928303883,0.7317073170731707,0.7296080508474576,-0.2020408163265306,0.2295081967213115,-0.12622712707945283,0.09697747214244368,123,25,0.6929133858267716,0.6918637125302551,-0.02759740259740251,0.009195402298850519,-0.010512999383246235,-0.0070356183225053215,254,56,48,2,eo,local,False
0.4882205545988178,0.027875441328316094,0.7642276422764228,0.7661546610169492,-0.3306122448979592,-0.05464480874316946,-0.318422790692777,-0.13203292539536626,123,25,0.7322834645669292,0.7322658722770434,-0.12463924963924966,0.0005747126436781436,-0.1526395125018264,-0.0693340107156285,254,56,48,3,eo,local,False
0.1279574232265634,0.006931578468759942,0.8048780487804879,0.8058792372881356,-0.41142857142857137,-0.1202185792349727,-0.36929666892606383,-0.21423189773585627,123,25,0.7598425196850394,0.7604729100726122,-0.19101731601731597,-0.008045977011494343,-0.20632823050582527,-0.13098753050569145,254,56,48,4,eo,local,False
275.9562182609169,0.04460831214322661,0.7560975609756098,0.7523834745762712,-0.25306122448979584,0.16393442622950816,-0.26066886652108967,0.008873759967381822,123,25,0.6968503937007874,0.6927015453360641,-0.10804473304473305,0.04770114942528736,-0.11295602425178958,-0.06594036815516735,254,56,48,5,eo,local,False
65.50454797946415,0.002647979534349008,0.7723577235772358,0.7719809322033898,-0.2514285714285714,0.2295081967213115,-0.10400505107580393,0.07743884704477799,123,25,0.7244094488188977,0.7246322844907838,-0.06872294372294369,0.09310344827586214,-0.017257935129654345,0.016661780156280837,254,56,48,6,eo,local,False
6.11419475397876,0.1221422041575806,0.7967479674796748,0.7967425847457628,-0.3416326530612245,-0.13661202185792354,-0.3275274407589922,-0.0911312754688367,123,25,0.7637795275590551,0.7625519766648048,-0.12932900432900435,0.0735632183908046,-0.1533091627588848,-0.0600421468545308,254,56,48,7,eo,local,False
75.7284898820929,0.10905558030831683,0.7723577235772358,0.7719809322033898,-0.4020408163265306,-0.1202185792349727,-0.3383988011632191,-0.08123000861842777,123,25,0.7165354330708661,0.7150127226463104,-0.1623376623376624,0.04137931034482767,-0.1422866358933097,-0.018223880389812375,254,56,48,8,eo,local,False
0.13139921389521697,0.0019271647894002826,0.8048780487804879,0.806541313559322,-0.44122448979591833,-0.10382513661202186,-0.35101838253134365,-0.1641323688577433,123,25,0.7716535433070866,0.7721715385092782,-0.24188311688311687,-0.10057471264367823,-0.1981962196321279,-0.1328715763900472,254,56,48,9,eo,local,True
1.0323002964649777,0.003209857770625566,0.7886178861788617,0.790916313559322,-0.3706122448979592,-0.0710382513661203,-0.2805592350342444,-0.06407870116129599,123,25,0.7480314960629921,0.7485260348786694,-0.08152958152958151,0.07586206896551728,-0.11517413031487239,-0.03508785197447084,254,56,48,10,eo,local,False
2.928641019067584,0.001,0.7886178861788617,0.7895921610169492,-0.31102040816326526,0.24590163934426235,-0.14050200331271917,0.03966568402253856,123,25,0.7637795275590551,0.7642897039657419,-0.08152958152958151,0.05862068965517242,-0.038310196449574285,0.004310005577816356,254,56,48,11,eo,local,False
330.4693522492129,0.17814037973223548,0.7479674796747967,0.7445709745762712,-0.2930612244897959,0.180327868852459,-0.3002090932996183,0.09535491490950354,123,25,0.7362204724409449,0.7323589648110221,-0.14375901875901875,0.013218390804597746,-0.10417562550846637,0.00017394880742782615,254,56,48,12,eo,local,False
199.72542203606795,0.022390742956629205,0.7560975609756098,0.7550317796610169,-0.27183673469387754,0.2295081967213115,-0.1960391080394691,0.037180711703548086,123,25,0.7283464566929134,0.7274560913548067,-0.06836219336219335,0.12528735632183907,-0.05813145070386477,-0.03163140139531817,254,56,48,13,eo,local,False
0.1,0.2517632459818329,0.7723577235772358,0.7726430084745763,-0.38163265306122446,-0.10382513661202186,-0.3556287113926849,-0.04978186669734008,123,25,0.7716535433070866,0.7706820579656178,-0.21085858585858586,-0.07701149425287357,-0.21275145741114737,-0.1346809196478591,254,56,48,14,eo,local,False
1.0862193209018254,0.001,0.7886178861788617,0.7895921610169492,-0.31102040816326526,0.24590163934426235,-0.18561447473813075,-0.0029044555998890553,123,25,0.7795275590551181,0.7800533730528145,-0.10443722943722944,0.04137931034482767,-0.06857295115283474,-0.022971852706081597,254,56,48,15,eo,local,True
0.1,0.0035939932422468807,0.8130081300813008,0.8136917372881356,-0.42163265306122444,-0.13661202185792354,-0.37881228491892005,-0.21471868365840185,123,25,0.7755905511811023,0.7762365791596848,-0.2139249639249639,-0.025287356321839094,-0.2152418907369591,-0.138041798376489,254,56,48,16,eo,local,True
695.9382710552875,0.04926233731721282,0.7642276422764228,0.7621822033898304,-0.2522448979591837,0.19672131147540983,-0.2798684468241979,0.11709343988061593,123,25,0.7204724409448819,0.7173400359957798,-0.0905483405483406,0.056321839080459846,-0.07365308636762491,0.040665198224543064,254,56,48,17,eo,local,False
18.31079926703555,0.04491796782778761,0.7967479674796748,0.7980667372881356,-0.35102040816326524,-0.10382513661202186,-0.27005629314831936,-0.04565440521377029,123,25,0.7559055118110236,0.7554148823930987,-0.09902597402597396,0.10804597701149432,-0.10718870227269478,-0.009595840274431278,254,56,48,18,eo,local,False
6.309922205016471,0.007820610881763489,0.7804878048780488,0.7804555084745763,-0.29142857142857137,0.2295081967213115,-0.2539678641956072,-0.035602288982255925,123,25,0.7480314960629921,0.7480295413641159,-0.07882395382395385,0.05862068965517242,-0.0984935694398334,-0.02558641219832769,254,56,48,19,eo,local,False
15.33866332493454,0.004355387773706661,0.7804878048780488,0.7804555084745763,-0.29142857142857137,0.2295081967213115,-0.20320210601146127,0.008284622528513919,123,25,0.7598425196850394,0.7599764165580587,-0.1424963924963925,-0.025287356321839094,-0.07949496813865664,-0.017974572089211716,254,56,48,20,eo,local,False
13.112121083793733,0.0015776725855891753,0.7804878048780488,0.7811175847457628,-0.2710204081632652,0.24590163934426235,-0.13589669312141384,0.05364521132792277,123,25,0.7401574803149606,0.7403959535778564,-0.09163059163059167,0.0005747126436781436,-0.044618047507745895,0.0049417622087672974,254,56,48,21,eo,local,False
15.577378929989814,0.009350263024384475,0.7723577235772358,0.7726430084745763,-0.2812244897959183,0.24590163934426235,-0.2433563908828157,-0.0505451925628172,123,25,0.7401574803149606,0.7403959535778564,-0.13744588744588743,0.0005747126436781436,-0.09935205298224609,-0.02114953432960065,254,56,48,22,eo,local,False
8.655583159366964,0.0036842616381003454,0.7886178861788617,0.7889300847457628,-0.3314285714285714,0.2295081967213115,-0.22177278661758315,-0.009235087476792914,123,25,0.7598425196850394,0.7599764165580587,-0.1424963924963925,-0.025287356321839094,-0.08491966385437333,-0.0234863936558537,254,56,48,23,eo,local,False
95.63375427043533,0.11200409813340369,0.7560975609756098,0.7563559322033898,-0.2747474747474747,0.05423728813559325,-0.2453665326321215,0.11500312494019327,123,33,0.7440944881889764,0.743468007199156,-0.14989177489177485,0.04137931034482767,-0.13073348564683412,0.00274006440571839,254,56,49,0,eo,local,False
0.11125763866460184,0.0032026313833353353,0.8536585365853658,0.8554025423728814,-0.4373737373737374,-0.23050847457627122,-0.36431845641798444,-0.1696181297302246,123,33,0.7834645669291339,0.7843666604604977,-0.31836219336219335,-0.17586206896551726,-0.24326361910961458,-0.15363060927939143,254,56,49,1,eo,local,False
1.443320740833507,0.052301962973978135,0.8292682926829268,0.829978813559322,-0.3878787878787878,-0.23050847457627122,-0.33465068945002674,-0.13656807728743148,123,33,0.7834645669291339,0.7833736734313907,-0.1755050505050505,0.015517241379310431,-0.18965667948593123,-0.08216383374542346,254,56,49,2,eo,local,False
1339.409296990029,0.005767625944700892,0.5284552845528455,0.5389300847457628,0.03939393939393937,0.34576271186440677,-0.04888593053275886,0.03088276578208149,123,33,0.547244094488189,0.5553590268727114,-0.08405483405483408,-0.185632183908046,-0.01163170620809817,-0.03595297961742033,254,56,49,3,eo,local,False
522.7135344741884,0.034036720014501656,0.6747967479674797,0.6729343220338984,-0.13434343434343438,0.30508474576271183,-0.16137373528038768,0.19547664874185955,123,33,0.6889763779527559,0.6863091913361882,-0.11616161616161613,-0.19310344827586212,-0.09034139547800424,-0.12334679345942856,254,56,49,4,eo,local,False
13.23913498087802,0.017308019652947676,0.7642276422764228,0.7654925847457628,-0.2828282828282829,0.0711864406779662,-0.24265820232756208,0.034508431008306584,123,33,0.7519685039370079,0.7520945820145224,-0.1424963924963925,0.05862068965517242,-0.14547666757600047,-0.016594730129187107,254,56,49,5,eo,local,False
1.1290237236803662,0.16453016454354014,0.8455284552845529,0.8462658898305084,-0.3878787878787878,-0.03050847457627115,-0.33760631976818495,-0.09958136879791646,123,33,0.7755905511811023,0.7767330726742382,-0.17081529581529575,-0.008045977011494343,-0.20988752902283847,-0.0922542010487496,254,56,49,6,eo,local,False
35.128957696624994,0.001020358854176731,0.7398373983739838,0.7473516949152542,-0.2787878787878788,-0.17627118644067796,-0.08049674256883488,-0.03757796115794426,123,33,0.6732283464566929,0.680475392540185,-0.14736652236652234,-0.13218390804597702,-0.04875739748236252,-0.03512944390718964,254,56,49,7,eo,local,False
0.6814638022852194,0.001,0.8373983739837398,0.8391154661016949,-0.4373737373737374,0.003389830508474634,-0.19005885482436474,-0.06662315887919923,123,33,0.7677165354330708,0.7681064978588718,-0.2927489177489177,-0.2511494252873563,-0.1197743103295178,-0.09166035098933628,254,56,49,8,eo,local,False
0.1,0.31622776601683794,0.8455284552845529,0.845603813559322,-0.4101010101010101,-0.047457627118643986,-0.3675489655253713,-0.13875381544990062,123,33,0.7677165354330708,0.7686029913734251,-0.2725468975468976,-0.08333333333333337,-0.25745543233951496,-0.1546832323502535,254,56,49,9,eo,local,False
0.1,0.016081124940844585,0.8373983739837398,0.8384533898305084,-0.45959595959595967,-0.23050847457627122,-0.38484616323251913,-0.20958541182138157,123,33,0.7677165354330708,0.7683547446161485,-0.2597402597402597,-0.16724137931034488,-0.24969519727862027,-0.1500447694255017,254,56,49,10,eo,local,False
0.3830675038891632,0.0036251229107545106,0.8617886178861789,0.8632150423728814,-0.4070707070707071,-0.03050847457627115,-0.3381985371913573,-0.13035791117255968,123,33,0.7755905511811023,0.7764848259169614,-0.2954545454545454,-0.16724137931034488,-0.21860911182670834,-0.12169366987186603,254,56,49,11,eo,local,True
15.317073085234792,0.003028363686306802,0.7642276422764228,0.7661546610169492,-0.3434343434343434,-0.12881355932203387,-0.21931029733533813,-0.09479763250229722,123,33,0.7559055118110236,0.7581455967231427,-0.2398989898989899,-0.17356321839080457,-0.1363772852037204,-0.08329236084359815,254,56,49,12,eo,local,False
4.711870570269986,0.001,0.8292682926829268,0.8313029661016949,-0.38484848484848483,0.02033898305084747,-0.13486938106291219,-0.040601470005714235,123,33,0.7519685039370079,0.753335815800906,-0.25234487734487737,-0.27471264367816095,-0.07838335640803729,-0.048671270461603244,254,56,49,13,eo,local,True
37.081199441369044,0.014481393610869758,0.7398373983739838,0.7400688559322034,-0.23333333333333334,0.288135593220339,-0.21622481642272134,-0.016419513649859607,123,33,0.7204724409448819,0.7215602308694843,-0.14790764790764793,-0.02298850574712652,-0.13103556715040687,-0.058050016339482924,254,56,49,14,eo,local,False
18.493374913336368,0.009130708005702749,0.7642276422764228,0.7641684322033898,-0.2444444444444444,0.2542372881355932,-0.2149166922150838,-0.00767787351446636,123,33,0.7440944881889764,0.7449574877428163,-0.20382395382395385,-0.13275862068965516,-0.13852368464994458,-0.05524151579573233,254,56,49,15,eo,local,True
36.810459052394854,0.010415978563511327,0.7317073170731707,0.7329184322033898,-0.24141414141414136,0.10508474576271187,-0.1990989412284559,-0.040228035692441266,123,33,0.7086614173228346,0.7103580959473716,-0.16847041847041844,-0.06379310344827593,-0.12383780983433906,-0.06810973058401171,254,56,49,16,eo,local,False
7.937153308284227,0.008746695371426026,0.8048780487804879,0.8058792372881356,-0.29393939393939394,0.23728813559322037,-0.2516431068230157,0.03163822954994133,123,33,0.7637795275590551,0.7642897039657419,-0.17316017316017313,0.05862068965517242,-0.16157914199940265,-0.051274113117278364,254,56,49,17,eo,local,True
17.543483525046724,0.011812911966354034,0.7560975609756098,0.7563559322033898,-0.23333333333333334,0.27118644067796616,-0.2256132913508801,-0.0034416207317577996,123,33,0.7401574803149606,0.7403959535778564,-0.1832611832611833,-0.074712643678161,-0.1435339273051674,-0.041977677203115404,254,56,49,18,eo,local,True
22.631788545896647,0.055425050014037185,0.7723577235772358,0.7726430084745763,-0.2747474747474747,0.03728813559322042,-0.22892883293556443,0.056284518413624585,123,33,0.7480314960629921,0.7480295413641159,-0.1475468975468976,0.05862068965517242,-0.10148494860491997,0.025360220527255062,254,56,49,19,eo,local,False
1.7002138812478467,0.0017890644892731783,0.8536585365853658,0.8554025423728814,-0.3959595959595959,-0.013559322033898313,-0.2520479830979097,-0.06584077113765785,123,33,0.8031496062992126,0.8036988766834233,-0.19606782106782106,0.015517241379310431,-0.1384583378155564,-0.07683290603688386,254,56,49,20,eo,local,True
36.99319292473123,0.025880986805489586,0.7642276422764228,0.7641684322033898,-0.2444444444444444,0.2542372881355932,-0.20239528034145782,0.10055951051792855,123,33,0.7362204724409449,0.7363309129274499,-0.1424963924963925,0.0005747126436781436,-0.1055318819514165,-0.030596821851514577,254,56,49,21,eo,local,False
1.0416271315333498,0.31622776601683794,0.8455284552845529,0.845603813559322,-0.4101010101010101,-0.047457627118643986,-0.3396855140895103,-0.08500628463797655,123,33,0.7637795275590551,0.7642897039657419,-0.24188311688311687,-0.09195402298850575,-0.21592903790241552,-0.10164092055083007,254,56,49,22,eo,local,False
25.55372843903823,0.008433091049100947,0.7317073170731707,0.7329184322033898,-0.24141414141414136,0.10508474576271187,-0.1967302105191982,-0.033666066042447484,123,33,0.7244094488188977,0.7263700117917209,-0.15836940836940833,-0.07241379310344831,-0.12461326761684588,-0.06634825530579713,254,56,49,23,eo,local,False
912.8346511165629,0.010429270635194804,0.7073170731707317,0.7061705508474576,-0.3710526315789474,-0.2678571428571429,-0.30382542969743004,-0.2592984396531912,123,28,0.7125984251968503,0.710947681995904,-0.16738816738816736,-0.03390804597701158,-0.1326785706750334,-0.06542129480633241,254,56,50,0,eo,local,False
0.7158861358348827,0.15135589883533368,0.7886178861788617,0.7882680084745763,-0.3962406015037594,-0.1964285714285714,-0.3526092173641065,-0.19668784092313474,123,28,0.7677165354330708,0.766865264072488,-0.3203463203463204,-0.14367816091954022,-0.27544613654350136,-0.1964904483964388,254,56,50,1,eo,local,False
14.551566426895262,0.002519303687516584,0.7235772357723578,0.7237817796610169,-0.28270676691729324,-0.1071428571428571,-0.17938245696092686,-0.1028509052204234,123,28,0.7362204724409449,0.7355861726556197,-0.14989177489177485,-0.025287356321839094,-0.09964052380115052,-0.05061201340165633,254,56,50,2,eo,local,False
100.96364556671114,0.03523469016026799,0.7560975609756098,0.7550317796610169,-0.3710526315789474,-0.1785714285714286,-0.3072332299331945,-0.20299425435119445,123,28,0.7401574803149606,0.7403959535778564,-0.25198412698412703,-0.15000000000000002,-0.20590492236780067,-0.10143883003178855,254,56,50,3,eo,local,False
61.257617051742955,0.0010166415641536717,0.6829268292682927,0.677436440677966,-0.2304511278195489,-0.2142857142857143,-0.11628992505427593,-0.07304645382932251,123,28,0.7086614173228346,0.7048966672872836,-0.06998556998557004,-0.027586206896551668,-0.04182638329807209,-0.053920058460756315,254,56,50,4,eo,local,False
2.4854315424566575,0.06231587516183401,0.7642276422764228,0.7641684322033898,-0.3857142857142857,-0.1607142857142857,-0.31536837581149474,-0.1586277208157948,123,28,0.7677165354330708,0.7673617575870415,-0.25432900432900435,-0.12643678160919547,-0.24138108097091732,-0.14702447338308067,254,56,50,5,eo,local,True
0.1213556061419747,0.004401797179197191,0.7642276422764228,0.7641684322033898,-0.4319548872180451,-0.1607142857142857,-0.3336580732618494,-0.1989721575352762,123,28,0.7913385826771654,0.7920002482467572,-0.3284632034632034,-0.19310344827586212,-0.27353257708410056,-0.1873476212780023,254,56,50,6,eo,local,False
558.0386963318275,0.255940468505267,0.7073170731707317,0.7041843220338984,-0.4804511278195489,-0.4642857142857143,-0.4433682968052449,-0.41905248879005996,123,28,0.6456692913385826,0.6428349779681003,-0.07539682539682546,0.0005747126436781436,-0.13178831455082934,-0.09708186201945257,254,56,50,7,eo,local,False
0.28144988713057306,0.05805590252950989,0.7560975609756098,0.7556938559322034,-0.3962406015037594,-0.1607142857142857,-0.3502212168977953,-0.19037043575995738,123,28,0.7716535433070866,0.7719232917520016,-0.3207070707070707,-0.10919540229885061,-0.28008670712279266,-0.17802091800960995,254,56,50,8,eo,local,False
0.1,0.19442093661224813,0.7804878048780488,0.7797934322033898,-0.4067669172932331,-0.1964285714285714,-0.4226539119425986,-0.2820293625284519,123,28,0.7795275590551181,0.778563892509154,-0.46284271284271283,-0.31149425287356325,-0.35929307247355646,-0.291504050408565,254,56,50,9,eo,local,False
46.505789942114355,0.003521526335282058,0.7398373983739838,0.7394067796610169,-0.30375939849624056,-0.1428571428571429,-0.1945678380100911,-0.11083735099860603,123,28,0.7283464566929134,0.728945571898467,-0.14520202020202022,0.02643678160919538,-0.10399319120100875,-0.03668221390495696,254,56,50,10,eo,local,False
0.24158758018335974,0.1263576094055957,0.7804878048780488,0.7804555084745763,-0.3857142857142857,-0.1785714285714286,-0.3816573708432839,-0.23586704738305087,123,28,0.7874015748031497,0.7871904673245206,-0.3867243867243867,-0.21896551724137936,-0.316405727790432,-0.24015293531012782,254,56,50,11,eo,local,False
1.5759178570162276,0.007345675028998997,0.7723577235772358,0.7726430084745763,-0.37518796992481196,-0.1607142857142857,-0.3162295921959501,-0.1972392607214195,123,28,0.7716535433070866,0.772419785266555,-0.27759740259740256,-0.16724137931034488,-0.22206681130489553,-0.12353033734292818,254,56,50,12,eo,local,False
23.721298138123817,0.001,0.7073170731707317,0.7028601694915254,-0.19887218045112776,-0.2142857142857143,-0.11462032439789377,-0.06416666427893303,123,28,0.7047244094488189,0.701824613665984,-0.08044733044733043,-0.14367816091954022,-0.04084170616969662,-0.05424496960537184,254,56,50,13,eo,local,False
1.963399118846413,0.26642223169603324,0.7886178861788617,0.7882680084745763,-0.3962406015037594,-0.1964285714285714,-0.3527623126626407,-0.20547730874802383,123,28,0.7637795275590551,0.7620554831502513,-0.3098845598845598,-0.16954022988505746,-0.2789843214654702,-0.20715288467726656,254,56,50,14,eo,local,False
15.022737275055519,0.010942027985149202,0.7723577235772358,0.7719809322033898,-0.35,-0.1785714285714286,-0.29516618194730776,-0.18682730397475622,123,28,0.7677165354330708,0.7681064978588718,-0.22402597402597396,-0.025287356321839094,-0.1932682386766797,-0.07562978007113452,254,56,50,15,eo,local,False
0.644938554569608,0.001,0.7398373983739838,0.7374205508474576,-0.22819548872180456,-0.1964285714285714,-0.13940024611477114,-0.07150286622345448,123,28,0.7440944881889764,0.7419785266554956,-0.14177489177489178,-0.08563218390804606,-0.07929649537302885,-0.07391839662845112,254,56,50,16,eo,local,False
0.6224248718273427,0.2427703043463181,0.7886178861788617,0.7882680084745763,-0.3962406015037594,-0.1964285714285714,-0.3864710903367644,-0.2361408887164933,123,28,0.7598425196850394,0.7577421957425681,-0.3708513708513709,-0.17816091954022995,-0.31543146898290253,-0.2457663151076941,254,56,50,17,eo,local,False
3.1530200189941295,0.001,0.7398373983739838,0.7374205508474576,-0.22819548872180456,-0.1964285714285714,-0.12858090833165592,-0.0633082512233939,123,28,0.7322834645669292,0.729783404704276,-0.0652958152958153,-0.08563218390804606,-0.0651818092046964,-0.0661370834142998,254,56,50,18,eo,local,True
2.9858864311891105,0.15807278510431066,0.7886178861788617,0.7882680084745763,-0.3962406015037594,-0.1964285714285714,-0.33705268076207856,-0.17847828899643248,123,28,0.7480314960629921,0.7465400608204555,-0.29978354978354976,-0.21896551724137936,-0.2555374655698128,-0.1753239268972271,254,56,50,19,eo,local,True
1.3269568394058737,0.19315461701899309,0.7886178861788617,0.7882680084745763,-0.3962406015037594,-0.1964285714285714,-0.3397965317534692,-0.18294116362397161,123,28,0.7519685039370079,0.7501086079563086,-0.26911976911976915,-0.16091954022988508,-0.2563809589600855,-0.18003105092365512,254,56,50,20,eo,local,False
32.34029861466405,0.004754622034112265,0.7317073170731707,0.7322563559322034,-0.31842105263157894,-0.1071428571428571,-0.2203254639472168,-0.13112710163529429,123,28,0.7322834645669292,0.7332588593061503,-0.1529581529581529,0.03505747126436776,-0.1271966897427611,-0.03593505621812809,254,56,50,21,eo,local,False
1.6864972688797886,0.014919673594919206,0.7723577235772358,0.7719809322033898,-0.3962406015037594,-0.1785714285714286,-0.32213558736554854,-0.1965842916896301,123,28,0.7716535433070866,0.7721715385092782,-0.24188311688311687,-0.10057471264367823,-0.21998256836745023,-0.1079243961272055,254,56,50,22,eo,local,False
0.7252170053043421,0.0019566034244184113,0.7479674796747967,0.7472192796610169,-0.3142857142857143,-0.1607142857142857,-0.2180217998767538,-0.09926540750477997,123,28,0.7716535433070866,0.7711785514801712,-0.2364718614718615,-0.13505747126436785,-0.15905450998562215,-0.10115990715379686,254,56,50,23,eo,local,True
244.49272306255176,0.11744732060822735,0.7804878048780488,0.7784692796610169,-0.2825670498084291,0.19298245614035092,-0.21463713388072886,0.15960596847280228,123,36,0.7401574803149606,0.7364240054614286,-0.04707792207792205,0.013218390804597746,-0.06382092444619569,0.002568171194543112,254,56,51,0,eo,local,False
0.22556722445606286,0.007448020065634244,0.7886178861788617,0.7889300847457628,-0.3591954022988506,0.08521303258145363,-0.3250985395554025,0.018121949618770894,123,36,0.7952755905511811,0.7950723018680568,-0.22637085137085133,-0.0017241379310344307,-0.1942121586967313,-0.08178414946486212,254,56,51,1,eo,local,False
2.7068598900103136,0.02918493702615956,0.8048780487804879,0.8052171610169492,-0.3591954022988506,0.06766917293233077,-0.2846923850234098,0.09614072247107219,123,36,0.7795275590551181,0.7793086327809843,-0.13474025974025972,0.09080459770114946,-0.1381202656501893,-0.023953083367354577,254,56,51,2,eo,local,False
22.34370033788903,0.0019074589565518905,0.7642276422764228,0.7635063559322034,-0.2365900383141763,0.24561403508771928,-0.20726281856953865,0.06956213279475543,123,36,0.7519685039370079,0.7520945820145224,-0.11958874458874458,-0.01666666666666672,-0.08695902944774964,-0.021249239746181425,254,56,51,3,eo,local,False
81.85476123420088,0.03687867356481438,0.7967479674796748,0.7960805084745763,-0.2758620689655173,0.21052631578947367,-0.20307615898251608,0.16293761442254362,123,36,0.7677165354330708,0.7671135108297648,-0.10407647907647904,0.09080459770114946,-0.1043206292913802,-0.021212444003757103,254,56,51,4,eo,local,False
9.840633395003657,0.0026186515154626713,0.8130081300813008,0.8130296610169492,-0.2921455938697318,0.21052631578947367,-0.23058760733525646,0.1040380312349265,123,36,0.7519685039370079,0.7520945820145224,-0.09668109668109676,0.05862068965517242,-0.10504086333707319,-0.02273742427257286,254,56,51,5,eo,local,False
0.8210858909959657,0.17444735132331057,0.8130081300813008,0.8117055084745763,-0.37739463601532564,0.17543859649122806,-0.34661263918951946,0.05714536679530502,123,36,0.7992125984251969,0.7983926022466332,-0.18290043290043295,0.04770114942528736,-0.20829856323276835,-0.08495589072933818,254,56,51,6,eo,local,False
896.8242034238292,0.012189364278128802,0.7235772357723578,0.7198093220338984,-0.18295019157088122,0.21052631578947367,-0.18110146827039475,0.08961839434272967,123,36,0.7519685039370079,0.7491156209272016,-0.05753968253968256,0.10574712643678164,-0.057062405420932216,0.002111885632420374,254,56,51,7,eo,local,False
5.897161026534606,0.0036072674230733775,0.8373983739837398,0.837791313559322,-0.3199233716475096,0.19298245614035092,-0.2500133467802485,0.10475934074636095,123,36,0.7598425196850394,0.7594799230435052,-0.11688311688311687,0.03275862068965518,-0.12397464423461896,-0.0294908842478675,254,56,51,8,eo,local,False
0.1,0.035588514627959186,0.7804878048780488,0.7804555084745763,-0.3706896551724138,0.08521303258145363,-0.38127980877286693,-0.038047760248856366,123,36,0.7834645669291339,0.7836219201886675,-0.23412698412698413,-0.12643678160919547,-0.23482460546586797,-0.12063720921889465,254,56,51,9,eo,local,False
3.95467962997828,0.0013974772578711281,0.8048780487804879,0.8045550847457628,-0.2643678160919541,0.21052631578947367,-0.22590129947382603,0.050958197517203874,123,36,0.7795275590551181,0.7798051262955377,-0.13744588744588743,0.03275862068965518,-0.10454086351919312,-0.040756788567222424,254,56,51,10,eo,local,False
0.7875736486517083,0.0012047123036084623,0.8048780487804879,0.8045550847457628,-0.303639846743295,0.21052631578947367,-0.25508558430077355,0.003835408983374089,123,36,0.7874015748031497,0.7874387140817973,-0.17045454545454541,-0.05977011494252882,-0.1354853746522901,-0.07506823574845822,254,56,51,11,eo,local,True
0.23354718389454066,0.001,0.8048780487804879,0.8045550847457628,-0.382183908045977,0.05012531328320802,-0.29309182293656,-0.06658516824245453,123,36,0.7716535433070866,0.7716750449947247,-0.21626984126984128,-0.042528735632183956,-0.18165700868696705,-0.1306005134407816,254,56,51,12,eo,local,False
0.8618911516033161,0.003495110707934038,0.8048780487804879,0.8052171610169492,-0.3199233716475096,0.22807017543859653,-0.2929059266294728,0.04898457679159962,123,36,0.7913385826771654,0.7910072612176504,-0.18560606060606055,0.0735632183908046,-0.17400572614100573,-0.069634654783997,254,56,51,13,eo,local,False
6.01632894037189,0.09543069056996258,0.8130081300813008,0.8123675847457628,-0.3544061302681992,0.032581453634085156,-0.2774462892599867,0.1011136115568324,123,36,0.7795275590551181,0.7788121392664309,-0.10912698412698413,0.0735632183908046,-0.13282096506369234,-0.0356173776389882,254,56,51,14,eo,local,False
1.2273760280920576,0.001,0.7804878048780488,0.7797934322033898,-0.31513409961685823,0.06766917293233077,-0.2328875868070971,0.0012932133331035045,123,36,0.7716535433070866,0.7716750449947247,-0.17045454545454541,-0.042528735632183956,-0.1155013933476775,-0.06396322897795981,254,56,51,15,eo,local,True
6.014396141699817,0.008600895197346777,0.8292682926829268,0.8293167372881356,-0.3314176245210728,0.19298245614035092,-0.25243396021183084,0.12472939319479137,123,36,0.7519685039370079,0.751598088499969,-0.11688311688311687,0.1166666666666667,-0.11671261306553754,-0.00036019944510923274,254,56,51,16,eo,local,False
6.556435798985504,0.001,0.7723577235772358,0.7719809322033898,-0.303639846743295,0.08521303258145363,-0.1975853521933501,0.0226863061350987,123,36,0.7559055118110236,0.7566561161794825,-0.1172438672438672,0.0005747126436781436,-0.0826989756426727,-0.034481828522750724,254,56,51,17,eo,local,False
0.4598117615302905,0.0017611036757383398,0.7967479674796748,0.7967425847457628,-0.2921455938697318,0.22807017543859653,-0.28410599352363713,0.02272069403775656,123,36,0.7913385826771654,0.7915037547322038,-0.18831168831168826,0.015517241379310431,-0.16405223519776502,-0.08343312287296378,254,56,51,18,eo,local,False
4.356943193536209,0.004616263770161596,0.8373983739837398,0.837791313559322,-0.3199233716475096,0.19298245614035092,-0.2634895258329781,0.09711281038391262,123,36,0.7795275590551181,0.779556879538261,-0.17045454545454541,0.024137931034482807,-0.13741752675238555,-0.03327463018311849,254,56,51,19,eo,local,True
314.77612744650185,0.001,0.7479674796747967,0.7472192796610169,-0.3936781609195402,-0.21804511278195493,-0.11180530525601234,-0.04620911871879019,123,36,0.6377952755905512,0.6399180785700986,-0.10245310245310246,0.03103448275862064,-0.0432695143306453,-0.005925974284095359,254,56,51,20,eo,local,False
2.465843470937708,0.0028007706454826844,0.8211382113821138,0.8215042372881356,-0.3199233716475096,0.21052631578947367,-0.25903903153257524,0.0845636989090377,123,36,0.7795275590551181,0.7793086327809843,-0.18055555555555558,0.015517241379310431,-0.13824203871875934,-0.04533082819704359,254,56,51,21,eo,local,True
0.1,0.01375920773128076,0.7804878048780488,0.7804555084745763,-0.3706896551724138,0.08521303258145363,-0.3551505503790646,-0.005172709745348003,123,36,0.7913385826771654,0.7915037547322038,-0.2112193362193362,0.015517241379310431,-0.2138500478240281,-0.09579613999217407,254,56,51,22,eo,local,False
0.1,0.31622776601683794,0.8130081300813008,0.8117055084745763,-0.37739463601532564,0.17543859649122806,-0.390288945436888,0.009777182120279004,123,36,0.7952755905511811,0.7943275615962266,-0.2566738816738816,-0.027586206896551668,-0.2463538228087484,-0.10397237145459681,254,56,51,23,eo,local,True
