seed,fedavg_lr,fedavg_test_bacc,fedavg_test_acc,fedavg_test_spd,fedavg_test_eod,fedavg_test_hv,ft_front_size,ft_test_hv,ft10_alpha,ft10_lr,ft10_met,ft10_test_bacc,ft10_test_acc,ft10_test_spd,ft10_test_eod,ft05_alpha,ft05_lr,ft05_met,ft05_test_bacc,ft05_test_acc,ft05_test_spd,ft05_test_eod
42,0.01,0.8141562713337056,0.8149606299212598,-0.3432539682539683,-0.1954022988505747,0.049242748879687964,8,0.1317356467119081,4.398912679247864,0.007641656338067298,True,0.7709303047228946,0.7716535433070866,-0.04040404040404044,0.08218390804597708,7.828071426299163,0.31622776601683794,True,0.7264631043256997,0.7283464566929134,0.09740259740259749,0.09080459770114946
43,0.003,0.7841184137032211,0.7834645669291339,-0.3284632034632034,-0.18448275862068964,0.04873676252376684,6,0.1340364405552453,6.46413668112061,0.04679317996071663,True,0.7485260348786694,0.7480314960629921,0.03300865800865804,0.1511494252873563,45.81812009710152,0.002074140338215309,True,0.7360826661701731,0.7362204724409449,0.07647907647907642,0.14252873563218393
44,0.01,0.8151492583628126,0.8149606299212598,-0.30284992784992787,-0.16091954022988508,0.06213169902427023,7,0.14042660045499367,21.207596876681343,0.001,True,0.7671135108297648,0.7677165354330708,-0.08116883116883111,0.015517241379310431,21.207596876681343,0.001,True,0.7671135108297648,0.7677165354330708,-0.08116883116883111,0.015517241379310431
45,0.01,0.8105877241978527,0.8110236220472441,-0.3739177489177489,-0.253448275862069,0.03915959942537862,9,0.13517462999635782,9.523435300642417,0.00293334256769505,True,0.7513498417426923,0.7519685039370079,-0.012445887445887371,0.10804597701149432,454.0431866375895,0.0017444428817524073,True,0.7124371625395642,0.7125984251968503,0.09938672438672441,0.16839080459770117
46,0.01,0.7838701669459442,0.7834645669291339,-0.2698412698412699,-0.11781609195402298,0.06533519715422526,5,0.13159418322562985,4.664737924438383,0.005717907392453731,True,0.7449574877428163,0.7440944881889764,-0.02056277056277056,0.16839080459770117,9.146729902372694,0.0026211516633660938,True,0.7406442003351331,0.7401574803149606,0.01010101010101011,0.1597701149425288
47,0.003,0.779556879538261,0.7795275590551181,-0.3308080808080808,-0.05114942528735633,0.047298764972382557,4,0.12477408604759188,8.443286014160249,0.001,True,0.7286973251411903,0.7283464566929134,-0.0636724386724386,0.16839080459770117,8.443286014160249,0.001,True,0.7286973251411903,0.7283464566929134,-0.0636724386724386,0.16839080459770117
48,0.003,0.7729162787811084,0.7716535433070866,-0.32611832611832614,-0.22528735632183905,0.04745513938401667,9,0.12821726722769358,208.49977255558773,0.0017147436110224864,True,0.7365791596847266,0.7362204724409449,0.050865800865800836,0.1597701149425288,452.0051311375072,0.001,True,0.7200707503258239,0.7204724409448819,0.0892857142857143,0.1511494252873563
49,0.1,0.7848631539750512,0.7834645669291339,-0.32106782106782106,-0.1586206896551724,0.05097118483824871,9,0.13597012562521782,35.128957696624994,0.001020358854176731,True,0.7268665053062744,0.7244094488188977,-0.09235209235209235,0.02011494252873558,36.19551069531768,0.03202736602712153,True,0.6844783715012722,0.6850393700787402,0.24458874458874458,0.26091954022988506
50,0.3,0.7414820331409422,0.7440944881889764,-0.5514069264069265,-0.47931034482758617,0.0,7,0.1206774156527461,250.78555130030793,0.002210714200756218,True,0.7437162539564327,0.7440944881889764,0.06637806637806631,0.12528735632183907,250.78555130030793,0.002210714200756218,True,0.7437162539564327,0.7440944881889764,0.06637806637806631,0.12528735632183907
51,0.3,0.7826289331595606,0.7834645669291339,-0.27453102453102446,-0.08563218390804606,0.0637240559973757,6,0.13282185501046048,56.815319579466596,0.003015840251237551,True,0.7523428287717993,0.7519685039370079,0.027958152958153015,0.14252873563218393,5.686086681437955,0.20318963960183392,True,0.7350896791410662,0.7362204724409449,0.17352092352092352,0.10804597701149432
