alpha,lr,val_acc,val_bacc,val_spd,val_eod,val_n,val_n_female,test_acc,test_bacc,test_spd,test_eod,test_n,test_n_female,seed,eval,val_pareto
3081.8400321145355,0.0018235428786725887,0.4715447154471545,0.475635593220339,0.0982608695652174,0.13793103448275862,123,23,0.4409448818897638,0.44485818903990565,0.024170274170274175,0.08965517241379312,254,56,42,0,False
0.3163028471266677,0.09331287200598823,0.8048780487804879,0.8045550847457628,-0.2656521739130434,0.02298850574712652,123,23,0.7952755905511811,0.79407931483895,-0.3125901875901876,-0.1114942528735633,254,56,42,1,True
4.398912679247864,0.007641656338067298,0.7479674796747967,0.7478813559322034,-0.09521739130434786,0.09195402298850575,123,23,0.7559055118110236,0.7559113759076522,-0.05591630591630592,0.050000000000000044,254,56,42,2,False
221.5771320847937,0.02201618901262979,0.7479674796747967,0.7478813559322034,-0.09521739130434786,0.09195402298850575,123,23,0.7362204724409449,0.7355861726556197,0.03336940836940838,0.12528735632183907,254,56,42,3,False
41.70081816229325,0.016576864571961968,0.7398373983739838,0.7400688559322034,-0.0317391304347826,0.10919540229885061,123,23,0.7480314960629921,0.7480295413641159,0.012806637806637822,0.13390804597701156,254,56,42,4,False
11.925368437692049,0.052254429206339235,0.7560975609756098,0.7563559322033898,-0.13869565217391305,0.09195402298850575,123,23,0.7440944881889764,0.7429715136846025,-0.03264790764790759,0.024137931034482807,254,56,42,5,False
0.9333637526605927,0.003867622202218946,0.7804878048780488,0.7804555084745763,-0.20217391304347831,0.05747126436781613,123,23,0.7913385826771654,0.7910072612176504,-0.16269841269841273,-0.0017241379310344307,254,56,42,6,True
532.8962916402519,0.21653404962136252,0.7723577235772358,0.7680084745762712,-0.11826086956521742,-0.04597701149425282,123,23,0.7401574803149606,0.735182771675045,-0.07467532467532467,-0.029885057471264354,254,56,42,7,False
0.1,0.014273578209345513,0.7886178861788617,0.7882680084745763,-0.2656521739130434,0.04022988505747127,123,23,0.7992125984251969,0.7986408490039099,-0.3102453102453102,-0.16954022988505746,254,56,42,8,False
0.1,0.31622776601683794,0.8211382113821138,0.8195180084745763,-0.30565217391304345,-0.028735632183907955,123,23,0.7952755905511811,0.793086327809843,-0.352994227994228,-0.22126436781609204,254,56,42,9,True
41.80335351282509,0.007067445864146776,0.7723577235772358,0.7726430084745763,-0.08521739130434786,0.074712643678161,123,23,0.7401574803149606,0.7398994600633029,-0.02020202020202022,0.13390804597701156,254,56,42,10,True
12.611230746892172,0.001,0.7235772357723578,0.7251059322033898,-0.09869565217391302,0.16091954022988508,123,23,0.7322834645669292,0.7322658722770434,0.012806637806637822,0.07586206896551728,254,56,42,11,False
10.701488687432608,0.31622776601683794,0.7642276422764228,0.761520127118644,-0.17521739130434782,0.005747126436781658,123,23,0.7283464566929134,0.7247253770247626,0.04960317460317454,0.030459770114942608,254,56,42,12,False
3162.2776601683795,0.07879378622414497,0.7560975609756098,0.7517213983050848,-0.011304347826086913,-0.028735632183907955,123,23,0.7165354330708661,0.7117855148017129,-0.018759018759018753,-0.07068965517241377,254,56,42,13,True
3162.2776601683795,0.31622776601683794,0.5040650406504065,0.506885593220339,0.21869565217391307,0.2528735632183908,123,23,0.5236220472440944,0.5245143672810774,-0.03336940836940833,0.19252873563218387,254,56,42,14,False
595.4620040781704,0.0773937628417028,0.7317073170731707,0.7289459745762712,-0.06826086956521737,0.04022988505747127,123,23,0.7362204724409449,0.7326072115682989,0.04960317460317454,0.02183908045977012,254,56,42,15,False
535.4152062226993,0.16482157700131977,0.7317073170731707,0.7262976694915254,-0.14826086956521745,-0.028735632183907955,123,23,0.7204724409448819,0.7158505554521194,-0.03661616161616166,0.0045977011494253706,254,56,42,16,False
1284.16212371162,0.025456035055256326,0.7235772357723578,0.7237817796610169,-0.08521739130434786,0.12643678160919547,123,23,0.7165354330708661,0.7162539564326941,0.025613275613275643,0.009195402298850519,254,56,42,17,False
132.38735417578872,0.0064542620083239445,0.7642276422764228,0.7641684322033898,-0.14869565217391306,0.074712643678161,123,23,0.7322834645669292,0.7322658722770434,0.05862193362193363,0.1511494252873563,254,56,42,18,False
12.098176155837862,0.01537129575634348,0.7317073170731707,0.7322563559322034,-0.021739130434782594,0.12643678160919547,123,23,0.7362204724409449,0.7355861726556197,0.03336940836940838,0.12528735632183907,254,56,42,19,False
275.74938543635125,0.31622776601683794,0.7560975609756098,0.7530455508474576,-0.07826086956521738,0.005747126436781658,123,23,0.7283464566929134,0.7242288835102091,-0.016414141414141437,0.013218390804597746,254,56,42,20,True
3162.2776601683795,0.051572742315450816,0.6991869918699187,0.6996822033898304,-0.12869565217391304,0.16091954022988508,123,23,0.7204724409448819,0.7203189970831005,-0.03805916305916307,-0.06609195402298851,254,56,42,21,False
101.17216935975013,0.2414805619537384,0.7073170731707317,0.7028601694915254,-0.11826086956521742,0.02298850574712652,123,23,0.6889763779527559,0.6835784770061442,0.11634199134199141,0.013218390804597746,254,56,42,22,False
15.2261551690138,0.004436047440780401,0.7642276422764228,0.7641684322033898,-0.09521739130434786,0.074712643678161,123,23,0.7440944881889764,0.7437162539564327,-0.025252525252525304,0.12528735632183907,254,56,42,23,False
7.891163726867392,0.12143825088786836,0.7235772357723578,0.7251059322033898,-0.17708333333333331,0.19047619047619047,123,27,0.7677165354330708,0.767858251101595,-0.005050505050505083,0.1166666666666667,254,56,43,0,False
350.1486731992105,0.005414019211965956,0.7398373983739838,0.7427171610169492,-0.23032407407407407,0.04761904761904767,123,27,0.7244094488188977,0.7243840377335071,0.012806637806637822,0.08448275862068966,254,56,43,1,False
182.3022700547913,0.02789923813309167,0.7235772357723578,0.7270921610169492,-0.16203703703703703,0.24310776942355883,123,27,0.7440944881889764,0.7437162539564327,0.04347041847041855,0.12528735632183907,254,56,43,2,True
0.308110355055122,0.0012640554902206246,0.7967479674796748,0.7980667372881356,-0.32986111111111116,0.10275689223057638,123,27,0.7952755905511811,0.795817042139887,-0.2647907647907648,-0.05114942528735633,254,56,43,3,True
0.8608494429253005,0.07187655130872161,0.7804878048780488,0.7817796610169492,-0.32986111111111116,0.12030075187969924,123,27,0.7992125984251969,0.7993855892757401,-0.2112193362193362,-0.0683908045977012,254,56,43,4,False
45.81812009710152,0.002074140338215309,0.7479674796747967,0.7505296610169492,-0.19328703703703703,0.19047619047619047,123,27,0.7401574803149606,0.7411406938496865,-0.015512265512265477,0.10172413793103452,254,56,43,5,True
1161.7474463447243,0.3120925973136494,0.7073170731707317,0.7108050847457628,-0.06712962962962965,0.2606516290726817,123,27,0.7480314960629921,0.7492707751504996,-0.0283189033189033,0.10172413793103452,254,56,43,6,True
1.6366613052780283,0.008861861937706718,0.7398373983739838,0.7420550847457628,-0.20370370370370372,0.19047619047619047,123,27,0.7637795275590551,0.7640414572084653,-0.1145382395382396,0.050000000000000044,254,56,43,7,False
0.3420638811880217,0.010929789239494633,0.7804878048780488,0.7811175847457628,-0.30324074074074076,0.10275689223057638,123,27,0.7795275590551181,0.7798051262955377,-0.22907647907647904,-0.042528735632183956,254,56,43,8,True
3162.2776601683795,0.3019846769482204,0.7154471544715447,0.7126588983050848,-0.17013888888888895,0.08521303258145363,123,27,0.7165354330708661,0.7130267485880966,0.031746031746031744,-0.027586206896551668,254,56,43,9,False
0.13389680994626804,0.20065742720962734,0.7560975609756098,0.7543697033898304,-0.3761574074074074,0.06766917293233077,123,27,0.7952755905511811,0.7938310680816731,-0.29978354978354976,-0.04482758620689653,254,56,43,10,False
447.2921546556705,0.31622776601683794,0.7154471544715447,0.7139830508474576,-0.1284722222222222,0.12030075187969924,123,27,0.7362204724409449,0.7331037050828524,0.06980519480519476,0.11436781609195401,254,56,43,11,True
1017.5117109355929,0.09460459289600076,0.7398373983739838,0.7427171610169492,-0.2777777777777778,0.04761904761904767,123,27,0.7086614173228346,0.7098616024328182,0.01749639249639251,-0.005747126436781658,254,56,43,12,False
0.1,0.0033689151011606737,0.8048780487804879,0.806541313559322,-0.3668981481481482,-0.057644110275689164,123,27,0.7795275590551181,0.7800533730528145,-0.31060606060606055,-0.18448275862068964,254,56,43,13,False
0.1,0.0295208213443466,0.7886178861788617,0.7895921610169492,-0.43518518518518523,-0.21804511278195493,123,27,0.7834645669291339,0.7841184137032211,-0.3055555555555556,-0.18448275862068964,254,56,43,14,False
85.94324075332877,0.31622776601683794,0.7723577235772358,0.7746292372881356,-0.20370370370370372,0.15538847117794485,123,27,0.7519685039370079,0.7523428287717993,-0.04076479076479078,0.0672413793103449,254,56,43,15,True
10.67778710462506,0.001,0.7560975609756098,0.759666313559322,-0.2569444444444445,0.20802005012531322,123,27,0.7598425196850394,0.7607211568298888,-0.0892857142857143,0.07586206896551728,254,56,43,16,False
46.64594342596233,0.31622776601683794,0.7723577235772358,0.7733050847457628,-0.24537037037037035,0.12030075187969924,123,27,0.7637795275590551,0.7632967169366349,-0.007395382395382399,0.09942528735632183,254,56,43,17,False
0.1,0.001,0.7886178861788617,0.7902542372881356,-0.3194444444444444,0.12030075187969924,123,27,0.8031496062992126,0.8036988766834233,-0.2647907647907648,-0.05977011494252882,254,56,43,18,True
59.396440327390906,0.07543159383279766,0.7560975609756098,0.7576800847457628,-0.2245370370370371,0.15538847117794485,123,27,0.7598425196850394,0.7592316762862286,0.010461760461760394,0.09942528735632183,254,56,43,19,False
30.210877952053632,0.014964013493734333,0.7479674796747967,0.7505296610169492,-0.19328703703703703,0.19047619047619047,123,27,0.7598425196850394,0.7602246633153354,0.0050505050505050275,0.13390804597701156,254,56,43,20,True
1364.260853735056,0.015670750965685255,0.7398373983739838,0.7433792372881356,-0.20949074074074076,0.06516290726817042,123,27,0.7007874015748031,0.7022280146465587,-0.041125541125541176,0.011494252873563204,254,56,43,21,False
0.16992675611493432,0.002719358674141034,0.8211382113821138,0.822166313559322,-0.3402777777777778,0.06766917293233077,123,27,0.7755905511811023,0.7762365791596848,-0.3055555555555556,-0.17586206896551726,254,56,43,22,True
3162.2776601683795,0.001,0.6422764227642277,0.6483050847457628,-0.07870370370370372,0.24060150375939854,123,27,0.6889763779527559,0.6917706199962763,-0.031385281385281405,-0.078735632183908,254,56,43,23,False
59.274360196972026,0.012727746807081948,0.7560975609756098,0.7583421610169492,-0.07727272727272727,0.08686868686868687,123,35,0.7519685039370079,0.7528393222863526,0.04816017316017318,0.1597701149425288,254,56,44,0,True
1.9515492210711058,0.06805877110737665,0.7886178861788617,0.7895921610169492,-0.20259740259740255,0.014141414141414121,123,35,0.8070866141732284,0.8080121640911065,-0.13510101010101006,0.09942528735632183,254,56,44,1,False
0.6048615660858381,0.0015317635276170557,0.8211382113821138,0.822166313559322,-0.28246753246753253,-0.022222222222222254,123,35,0.7952755905511811,0.7963135356544405,-0.22168109668109676,-0.03390804597701158,254,56,44,2,False
2346.9220063442062,0.13001571542837276,0.4796747967479675,0.5,0.0,0.0,123,35,0.484251968503937,0.5,0.0,0.0,254,56,44,3,True
271.206750478707,0.002186013595699712,0.7560975609756098,0.7570180084745763,-0.16266233766233762,0.0505050505050505,123,35,0.7401574803149606,0.7406442003351331,0.01010101010101011,0.08448275862068966,254,56,44,4,False
0.2591744212440196,0.18551748328424342,0.7886178861788617,0.7889300847457628,-0.3850649350649351,-0.13333333333333341,123,35,0.7913385826771654,0.7917520014894806,-0.40728715728715725,-0.4275862068965517,254,56,44,5,False
10.336469549603255,0.004319351220471781,0.7804878048780488,0.783103813559322,-0.10584415584415585,0.06868686868686869,123,35,0.7637795275590551,0.7647861974802954,-0.03841991341991341,0.1511494252873563,254,56,44,6,True
83.81735903046965,0.023092478840402046,0.7560975609756098,0.7583421610169492,-0.07727272727272727,0.08686868686868687,123,35,0.7598425196850394,0.7607211568298888,0.04816017316017318,0.1511494252873563,254,56,44,7,True
160.093758305799,0.31622776601683794,0.7967479674796748,0.7960805084745763,-0.2194805194805195,-0.04040404040404044,123,35,0.7677165354330708,0.7656240302861044,-0.0043290043290044045,0.039080459770114984,254,56,44,8,False
577.1751344269996,0.03473433513254502,0.6666666666666666,0.6730667372881356,-0.24902597402597404,-0.0828282828282828,123,35,0.6496062992125984,0.6548439148513623,-0.06782106782106784,-0.09999999999999998,254,56,44,9,False
95.50272254291959,0.001,0.7560975609756098,0.759666313559322,-0.1915584415584416,0.12323232323232325,123,35,0.7165354330708661,0.719232917520015,-0.059343434343434365,0.03735632183908044,254,56,44,10,False
28.924180621534635,0.06089279712951802,0.7560975609756098,0.7576800847457628,-0.0600649350649351,0.06868686868686869,123,35,0.7637795275590551,0.7647861974802954,0.030303030303030276,0.1511494252873563,254,56,44,11,True
8.778877712727718,0.19022968967337245,0.7642276422764228,0.7641684322033898,-0.15681818181818175,0.014141414141414121,123,35,0.8031496062992126,0.8039471234407001,-0.1172438672438672,0.09942528735632183,254,56,44,12,False
47.76185739046042,0.06362074555118238,0.7479674796747967,0.7498675847457628,-0.048701298701298745,0.08686868686868687,123,35,0.7559055118110236,0.7566561161794825,0.04310966810966815,0.1511494252873563,254,56,44,13,True
3.373352204939402,0.001,0.7479674796747967,0.7498675847457628,-0.12857142857142856,0.08686868686868687,123,35,0.7677165354330708,0.7690994848879786,-0.09199134199134201,0.08448275862068966,254,56,44,14,False
0.838133469734641,0.31622776601683794,0.7804878048780488,0.7817796610169492,-0.35097402597402605,-0.09696969696969704,123,35,0.8110236220472441,0.8105877241978527,-0.32810245310245306,-0.253448275862069,254,56,44,15,False
0.1,0.001,0.8211382113821138,0.8228283898305084,-0.4194805194805195,-0.13333333333333341,123,35,0.7913385826771654,0.7927449885185875,-0.41269841269841273,-0.3931034482758621,254,56,44,16,False
0.31624090276469746,0.001,0.8048780487804879,0.8072033898305084,-0.3168831168831169,0.03232323232323231,123,35,0.7992125984251969,0.800378576304847,-0.3540764790764791,-0.2597701149425288,254,56,44,17,False
3162.2776601683795,0.007293232520329461,0.5934959349593496,0.5921610169491525,-0.1110389610389611,-0.08080808080808077,123,35,0.5354330708661418,0.534723515174083,-0.007395382395382399,0.19885057471264367,254,56,44,18,False
0.1,0.31622776601683794,0.7886178861788617,0.7882680084745763,-0.4077922077922078,-0.1515151515151516,123,35,0.7952755905511811,0.7948240551107801,-0.41973304473304474,-0.4620689655172413,254,56,44,19,False
0.9431883712682898,0.006763788156851772,0.8130081300813008,0.8150158898305084,-0.20844155844155843,0.014141414141414121,123,35,0.7874015748031497,0.7881834543536275,-0.16305916305916307,0.04137931034482767,254,56,44,20,True
3162.2776601683795,0.059911311791934894,0.4878048780487805,0.5078125,-0.011363636363636364,-0.01818181818181818,123,35,0.49606299212598426,0.5109538881648359,-0.012445887445887448,-0.04310344827586207,254,56,44,21,True
0.5391992568034882,0.008008572289266382,0.8292682926829268,0.8313029661016949,-0.24837662337662336,-0.004040404040404066,123,35,0.7992125984251969,0.800378576304847,-0.2395382395382396,-0.03390804597701158,254,56,44,22,True
1.5280130168434394,0.010772492955901098,0.7886178861788617,0.7922404661016949,-0.1516233766233766,0.08686868686868687,123,35,0.7795275590551181,0.7803016198100913,-0.1172438672438672,0.050000000000000044,254,56,44,23,True
1.3971568988242808,0.002033759809434329,0.8130081300813008,0.8130296610169492,-0.3994864269992664,-0.3448275862068966,123,29,0.7755905511811023,0.7759883324024079,-0.15530303030303028,0.04137931034482767,254,56,45,0,True
2061.135549145866,0.14277843229445672,0.5365853658536586,0.5295286016949152,0.15480557593543653,-0.04022988505747127,123,29,0.6181102362204725,0.6138831999007013,-0.1767676767676768,-0.01666666666666672,254,56,45,1,False
24.052340237348034,0.005014843057146534,0.7804878048780488,0.7784692796610169,-0.14746881878209828,-0.17816091954022995,123,29,0.7677165354330708,0.7681064978588718,-0.04076479076479078,0.12528735632183907,254,56,45,2,True
0.7954905528702539,0.019686926488396265,0.8130081300813008,0.8103813559322034,-0.4845928099779898,-0.4137931034482759,123,29,0.7834645669291339,0.7833736734313907,-0.22132034632034625,-0.05977011494252882,254,56,45,3,False
0.14934543100767006,0.010116871146379785,0.8373983739837398,0.8358050847457628,-0.5429200293470287,-0.5977011494252873,123,29,0.7952755905511811,0.7953205486253336,-0.30790043290043295,-0.14367816091954022,254,56,45,4,True
215.49544681905857,0.04164692312674699,0.7479674796747967,0.7452330508474576,-0.1236243580337491,0.02298850574712652,123,29,0.7362204724409449,0.7368274064420033,0.06096681096681095,0.09310344827586214,254,56,45,5,True
448.0342846742841,0.004105706475280637,0.7642276422764228,0.7654925847457628,-0.1764490095377843,-0.074712643678161,123,29,0.7047244094488189,0.7055483150251349,0.002344877344877372,0.060919540229884994,254,56,45,6,False
15.09247720421236,0.30225035947880324,0.7642276422764228,0.7595338983050848,-0.3228173147468819,-0.22988505747126442,123,29,0.7440944881889764,0.7404890461118352,-0.04202741702741697,0.013218390804597746,254,56,45,7,False
105.6800660922744,0.001089392707730378,0.6666666666666666,0.6684322033898304,-0.15517241379310343,-0.13793103448275867,123,29,0.610236220472441,0.6124557810463601,-0.05158730158730157,-0.0850574712643678,254,56,45,8,False
83.90419653548254,0.01379519685958294,0.7886178861788617,0.7862817796610169,-0.15810711665443877,-0.1954022988505747,123,29,0.7677165354330708,0.7673617575870415,-0.048160173160173125,0.09942528735632183,254,56,45,9,True
4.27006194959331,0.006409294296668199,0.7886178861788617,0.7869438559322034,-0.31731474688187816,-0.17816091954022995,123,29,0.7559055118110236,0.7554148823930987,-0.07611832611832614,0.10804597701149432,254,56,45,10,True
22.730728375178817,0.047941377991543264,0.7886178861788617,0.7856197033898304,-0.17938371239911954,-0.21264367816091956,123,29,0.7677165354330708,0.766865264072488,0.023268398268398327,0.08218390804597708,254,56,45,11,False
3162.2776601683795,0.00595669736772627,0.6747967479674797,0.6782309322033898,-0.05685986793837128,0.08045977011494254,123,29,0.6141732283464567,0.618010302240427,0.0827922077922078,0.11724137931034478,254,56,45,12,True
3162.2776601683795,0.001,0.3252032520325203,0.3297139830508474,0.08657373440939103,0.1264367816091954,123,29,0.31496062992125984,0.3194935766151555,-0.014249639249639234,-0.04770114942528736,254,56,45,13,False
281.39511440159174,0.008996880069139972,0.7723577235772358,0.7713188559322034,-0.16067498165810717,-0.14367816091954022,123,29,0.7362204724409449,0.7365791596847266,0.027958152958153015,0.08448275862068966,254,56,45,14,False
5.704384926739859,0.001,0.7804878048780488,0.7811175847457628,-0.24284666177549524,-0.2931034482758621,123,29,0.7480314960629921,0.7490225283932228,-0.13005050505050508,0.017816091954022895,254,56,45,15,False
13.419935357660494,0.0021445911511518453,0.7642276422764228,0.7635063559322034,-0.15003668378576668,-0.12643678160919547,123,29,0.7637795275590551,0.7640414572084653,-0.06872294372294369,0.12528735632183907,254,56,45,16,False
17.850901147204198,0.02140768538083491,0.7886178861788617,0.7862817796610169,-0.15810711665443877,-0.1954022988505747,123,29,0.7716535433070866,0.7714267982374481,-0.04310966810966815,0.09942528735632183,254,56,45,17,True
101.4329187048921,0.00537445708988112,0.7804878048780488,0.7784692796610169,-0.14746881878209828,-0.17816091954022995,123,29,0.7559055118110236,0.7559113759076522,-0.03300865800865799,0.12528735632183907,254,56,45,18,True
1964.922294997437,0.008284576766017751,0.7073170731707317,0.7108050847457628,-0.14710198092443139,-0.13793103448275867,123,29,0.6417322834645669,0.6444796127350587,0.08315295815295815,0.12356321839080453,254,56,45,19,False
1.7051071337214472,0.001,0.7967479674796748,0.7974046610169492,-0.3330887747615554,-0.31034482758620685,123,29,0.7480314960629921,0.7485260348786694,-0.1502525252525253,0.0005747126436781436,254,56,45,20,True
0.9268621579354783,0.004088556961254153,0.8130081300813008,0.8123675847457628,-0.4658840792369773,-0.3620689655172413,123,29,0.7913385826771654,0.791255507974927,-0.19841269841269843,0.006896551724137945,254,56,45,21,False
6.038149153311627,0.1142452037955813,0.7560975609756098,0.7556938559322034,-0.22964049889948646,-0.47701149425287354,123,29,0.7795275590551181,0.780549866567368,-0.10714285714285715,0.05862068965517242,254,56,45,22,False
0.1,0.001,0.7967479674796748,0.798728813559322,-0.5161408657373441,-0.8275862068965517,123,29,0.7755905511811023,0.7757400856451313,-0.37157287157287155,-0.3436781609195402,254,56,45,23,False
0.3771644659095569,0.002233472135013103,0.7479674796747967,0.7498675847457628,-0.26515151515151514,0.3220338983050848,123,24,0.7952755905511811,0.7950723018680568,-0.2034632034632034,-0.0017241379310344307,254,56,46,0,False
78.83220249330644,0.07408663848617149,0.7804878048780488,0.7811175847457628,-0.09848484848484845,0.2542372881355932,123,24,0.7480314960629921,0.7462918140631788,0.0566378066378066,0.0735632183908046,254,56,46,1,True
314.770119577107,0.005420951619802337,0.7723577235772358,0.7759533898305084,-0.1111111111111111,0.3389830508474576,123,24,0.7559055118110236,0.7569043629367591,-0.03841991341991341,0.1597701149425288,254,56,46,2,False
1.5040501115715839,0.12829086167130116,0.7967479674796748,0.8000529661016949,-0.22474747474747475,0.30508474576271183,123,24,0.7834645669291339,0.7828771799168374,-0.12698412698412703,0.0735632183908046,254,56,46,3,False
13.451957176320269,0.016216514888552528,0.7642276422764228,0.7681408898305084,-0.049242424242424254,0.35593220338983056,123,24,0.7480314960629921,0.7485260348786694,0.03300865800865804,0.1511494252873563,254,56,46,4,True
2813.437791662146,0.1809415427244644,0.7154471544715447,0.7153072033898304,-0.015151515151515138,0.30508474576271183,123,24,0.6889763779527559,0.6868056848507417,-0.0043290043290044045,-0.025287356321839094,254,56,46,5,True
62.775351975034695,0.0015483457000259348,0.7560975609756098,0.759666313559322,-0.1111111111111111,0.35593220338983056,123,24,0.7322834645669292,0.7335071060634271,0.01749639249639251,0.11896551724137938,254,56,46,6,False
0.30053485438288097,0.025329076111137026,0.7886178861788617,0.7915783898305084,-0.23484848484848486,0.30508474576271183,123,24,0.7834645669291339,0.7841184137032211,-0.19101731601731597,0.04137931034482767,254,56,46,7,False
3162.2776601683795,0.001,0.6666666666666666,0.6684322033898304,-0.058080808080808066,0.4067796610169492,123,24,0.6614173228346457,0.663067088686154,0.08351370851370854,0.289080459770115,254,56,46,8,False
0.1957552354277064,0.31622776601683794,0.7886178861788617,0.7902542372881356,-0.2752525252525253,0.27118644067796616,123,24,0.7716535433070866,0.769689070936511,-0.20544733044733043,-0.036206896551724044,254,56,46,9,False
3162.2776601683795,0.031073398016627646,0.6585365853658537,0.6606197033898304,0.0037878787878787845,0.20677966101694922,123,24,0.6456692913385826,0.6482964066281884,0.1468253968253968,0.11494252873563215,254,56,46,10,True
376.30770927059217,0.31622776601683794,0.7398373983739838,0.7374205508474576,-0.08585858585858586,0.22033898305084743,123,24,0.6929133858267716,0.688140011171104,0.07287157287157287,0.10574712643678164,254,56,46,11,False
13.45162998433395,0.31622776601683794,0.7642276422764228,0.7628442796610169,-0.05555555555555558,0.22033898305084743,123,24,0.7244094488188977,0.7214050766461864,0.051948051948051965,0.056321839080459846,254,56,46,12,False
0.6188749021841234,0.1338586943655877,0.8048780487804879,0.8072033898305084,-0.2550505050505051,0.27118644067796616,123,24,0.7755905511811023,0.7749953453733011,-0.14989177489177485,0.006896551724137945,254,56,46,13,False
101.12567449665603,0.014395851971053695,0.8048780487804879,0.8072033898305084,-0.09974747474747475,0.27118644067796616,123,24,0.7677165354330708,0.767858251101595,0.017857142857142905,0.1166666666666667,254,56,46,14,True
3162.2776601683795,0.31622776601683794,0.7479674796747967,0.7511917372881356,-0.22474747474747475,0.13898305084745766,123,24,0.7362204724409449,0.7358344194128965,0.02056277056277056,-0.01666666666666672,254,56,46,15,False
33.11808166266192,0.31622776601683794,0.7804878048780488,0.7797934322033898,-0.1388888888888889,0.22033898305084743,123,24,0.7322834645669292,0.7295351579469993,0.016233766233766156,0.056321839080459846,254,56,46,16,False
0.9930559303186893,0.0452263514394777,0.8048780487804879,0.8078654661016949,-0.23484848484848486,0.288135593220339,123,24,0.7952755905511811,0.7955687953826103,-0.13744588744588743,0.09080459770114946,254,56,46,17,False
1117.6809697629978,0.001,0.6829268292682927,0.6840572033898304,-0.07828282828282829,0.3728813559322034,123,24,0.6850393700787402,0.6864643455594861,0.0505050505050505,0.25459770114942537,254,56,46,18,False
12.970767433041866,0.001,0.7317073170731707,0.7329184322033898,-0.18181818181818182,0.3220338983050848,123,24,0.7559055118110236,0.7559113759076522,-0.05591630591630592,-0.025287356321839094,254,56,46,19,False
97.01413840832566,0.009208629790856505,0.8048780487804879,0.8085275423728814,-0.16287878787878785,0.30508474576271183,123,24,0.7480314960629921,0.7480295413641159,0.012806637806637822,0.13390804597701156,254,56,46,20,True
0.6775830826882934,0.07420800237043965,0.7967479674796748,0.8000529661016949,-0.2765151515151515,0.08813559322033904,123,24,0.7874015748031497,0.7871904673245206,-0.18055555555555558,0.006896551724137945,254,56,46,21,False
1019.2950612388275,0.006525144405402685,0.7642276422764228,0.7681408898305084,-0.15277777777777773,0.35593220338983056,123,24,0.7401574803149606,0.7413889406069634,-0.05122655122655123,0.03505747126436776,254,56,46,22,False
1.0773107233407055,0.015637917219205863,0.8048780487804879,0.8085275423728814,-0.21464646464646464,0.30508474576271183,123,24,0.7677165354330708,0.768851238130702,-0.17081529581529575,0.07586206896551728,254,56,46,23,False
11.367809134856902,0.1761879408288609,0.7804878048780488,0.7791313559322034,-0.10732323232323232,-0.0714285714285714,123,24,0.7637795275590551,0.7623037299075281,-0.024891774891774854,0.06494252873563222,254,56,47,0,False
2090.7594380550395,0.0015180768829517258,0.7479674796747967,0.7511917372881356,-0.17297979797979796,-0.0535714285714286,123,24,0.6968503937007874,0.6994042077825359,-0.08730158730158727,0.12988505747126433,254,56,47,1,False
144.6363210574635,0.03210300546301938,0.7479674796747967,0.7485434322033898,-0.3055555555555556,-0.2678571428571429,123,24,0.7125984251968503,0.7129336560541177,-0.0636724386724386,-0.04022988505747127,254,56,47,2,False
0.7879142290384902,0.011642079535070703,0.8130081300813008,0.8117055084745763,-0.3143939393939394,-0.25,123,24,0.7913385826771654,0.7915037547322038,-0.23412698412698413,0.015517241379310431,254,56,47,3,True
0.2339704677606419,0.039069446370764656,0.7886178861788617,0.7869438559322034,-0.3762626262626263,-0.375,123,24,0.7795275590551181,0.7793086327809843,-0.36381673881673876,-0.21034482758620687,254,56,47,4,False
40.304947723425194,0.006675529496279099,0.7642276422764228,0.7648305084745763,-0.04671717171717177,-0.1428571428571429,123,24,0.7519685039370079,0.7520945820145224,0.017857142857142905,0.13390804597701156,254,56,47,5,True
495.8434007219158,0.14305013844076467,0.6991869918699187,0.6937235169491525,-0.1767676767676768,-0.0892857142857143,123,24,0.7283464566929134,0.7247253770247626,0.0037878787878787845,0.10574712643678164,254,56,47,6,False
2.883815944616238,0.0026793987190425715,0.7967479674796748,0.7974046610169492,-0.20202020202020204,-0.1785714285714286,123,24,0.7637795275590551,0.7640414572084653,-0.1145382395382396,0.12528735632183907,254,56,47,7,True
76.52620528049205,0.00429945150675942,0.7479674796747967,0.7492055084745763,-0.07828282828282829,-0.1071428571428571,123,24,0.7322834645669292,0.7325141190343201,0.04581529581529581,0.1597701149425288,254,56,47,8,False
242.13943236505168,0.007220963658722865,0.7642276422764228,0.7648305084745763,-0.04671717171717177,-0.1428571428571429,123,24,0.7559055118110236,0.7566561161794825,-0.025613275613275588,0.07586206896551728,254,56,47,9,True
1.4155432159019607,0.005538452077730943,0.8048780487804879,0.8052171610169492,-0.2638888888888889,-0.1964285714285714,123,24,0.7913385826771654,0.7920002482467572,-0.2139249639249639,0.03275862068965518,254,56,47,10,False
1.8788326117409018,0.31622776601683794,0.7804878048780488,0.7791313559322034,-0.2626262626262626,-0.2142857142857143,123,24,0.7952755905511811,0.7945758083535034,-0.24657287157287155,-0.018965517241379293,254,56,47,11,False
97.06744353930812,0.007138686948415798,0.7723577235772358,0.7726430084745763,-0.05681818181818182,-0.1607142857142857,123,24,0.7401574803149606,0.7403959535778564,0.022907647907647932,0.1511494252873563,254,56,47,12,True
1.0685306752494372,0.001,0.8048780487804879,0.8058792372881356,-0.24368686868686867,-0.1785714285714286,123,24,0.7283464566929134,0.7286973251411903,-0.15530303030303028,0.09310344827586214,254,56,47,13,True
3162.2776601683795,0.005981382724071832,0.7154471544715447,0.7153072033898304,-0.27398989898989895,-0.25,123,24,0.6732283464566929,0.6730279898218829,-0.03805916305916307,0.060919540229884994,254,56,47,14,False
12.374309978344797,0.011781898560316495,0.7723577235772358,0.7726430084745763,-0.05681818181818182,-0.1607142857142857,123,24,0.7637795275590551,0.7640414572084653,0.0,0.12528735632183907,254,56,47,15,True
314.6335778363111,0.004341227211617686,0.7560975609756098,0.7570180084745763,-0.0883838383838384,-0.125,123,24,0.7362204724409449,0.7365791596847266,-0.01785714285714285,0.08448275862068966,254,56,47,16,False
15.425831682092321,0.006859221787492816,0.7560975609756098,0.7570180084745763,-0.03661616161616166,-0.125,123,24,0.7559055118110236,0.756159622664929,0.022907647907647932,0.13390804597701156,254,56,47,17,True
32.454886590281454,0.02004608898363995,0.7723577235772358,0.7733050847457628,-0.0883838383838384,-0.1428571428571429,123,24,0.7559055118110236,0.7556631291503755,0.025613275613275643,0.1166666666666667,254,56,47,18,False
14.843041098920846,0.31622776601683794,0.7642276422764228,0.7635063559322034,-0.0871212121212121,-0.0357142857142857,123,24,0.7795275590551181,0.7783156457518774,-0.08351370851370848,0.056321839080459846,254,56,47,19,False
14.277864562487585,0.001,0.7804878048780488,0.7817796610169492,-0.07828282828282829,0.1428571428571429,123,24,0.7244094488188977,0.7253770247626141,-0.015512265512265477,0.1942528735632184,254,56,47,20,True
22.712281041915695,0.009187393400547098,0.7642276422764228,0.7648305084745763,-0.04671717171717177,-0.1428571428571429,123,24,0.7519685039370079,0.7520945820145224,0.017857142857142905,0.13390804597701156,254,56,47,21,True
18.8734302802984,0.028569165663080962,0.7723577235772358,0.7726430084745763,-0.10858585858585862,-0.1607142857142857,123,24,0.7559055118110236,0.7556631291503755,0.025613275613275643,0.1166666666666667,254,56,47,22,False
17.819229849630798,0.0026544859284797556,0.7642276422764228,0.7648305084745763,-0.09848484848484845,-0.1428571428571429,123,24,0.7401574803149606,0.7401477068205797,-0.010101010101010055,0.14252873563218393,254,56,47,23,False
1.6091923256142837,0.0014438275022970704,0.7967479674796748,0.798728813559322,-0.3306122448979592,-0.08743169398907102,123,25,0.7677165354330708,0.7683547446161485,-0.09938672438672436,0.05862068965517242,254,56,48,0,True
18.55577419729505,0.2141432213158862,0.7560975609756098,0.7550317796610169,-0.12122448979591832,0.2295081967213115,123,25,0.6968503937007874,0.6946875193942779,0.1331168831168832,0.1166666666666667,254,56,48,1,False
958.9610623005464,0.011601931928303883,0.7398373983739838,0.7407309322033898,-0.16040816326530616,0.29508196721311475,123,25,0.7165354330708661,0.7167504499472476,0.022907647907647932,0.10172413793103452,254,56,48,2,False
0.4882205545988178,0.027875441328316094,0.7886178861788617,0.790916313559322,-0.3706122448979592,-0.0710382513661203,123,25,0.7598425196850394,0.7604729100726122,-0.16810966810966815,-0.08333333333333337,254,56,48,3,False
0.1279574232265634,0.006931578468759942,0.8130081300813008,0.814353813559322,-0.4514285714285714,-0.1202185792349727,123,25,0.7637795275590551,0.7645379507230187,-0.25468975468975474,-0.08333333333333337,254,56,48,4,True
275.9562182609169,0.04460831214322661,0.7479674796747967,0.7472192796610169,-0.3118367346938775,0.24590163934426235,123,25,0.7244094488188977,0.7219015701607399,0.09505772005772006,0.0735632183908046,254,56,48,5,False
65.50454797946415,0.002647979534349008,0.7723577235772358,0.7739671610169492,-0.2906122448979592,0.2786885245901639,123,25,0.7283464566929134,0.7286973251411903,0.0050505050505050275,0.16839080459770117,254,56,48,6,False
6.11419475397876,0.1221422041575806,0.7804878048780488,0.7817796610169492,-0.20040816326530614,0.2622950819672131,123,25,0.7598425196850394,0.7594799230435052,-0.025252525252525304,0.10804597701149432,254,56,48,7,True
2.5933985333358476,0.31622776601683794,0.7642276422764228,0.7635063559322034,-0.2114285714285714,0.2295081967213115,123,25,0.7598425196850394,0.7582386892571216,-0.052849927849927814,0.06494252873563222,254,56,48,8,False
91.53756528449892,0.2792371804242979,0.7479674796747967,0.7465572033898304,-0.18163265306122445,0.2295081967213115,123,25,0.7401574803149606,0.7376652392478124,0.026334776334776322,0.056321839080459846,254,56,48,9,False
3162.2776601683795,0.005348886132588069,0.7154471544715447,0.7179555084745763,-0.05918367346938774,0.360655737704918,123,25,0.6850393700787402,0.6864643455594861,0.0505050505050505,0.17931034482758623,254,56,48,10,True
2181.472247878276,0.001,0.7235772357723578,0.7231197033898304,-0.10081632653061229,0.2786885245901639,123,25,0.6850393700787402,0.6844783715012722,0.038419913419913465,0.18563218390804603,254,56,48,11,True
6.7739394384662095,0.019393492196525693,0.7560975609756098,0.7576800847457628,-0.24040816326530612,-0.05464480874316946,123,25,0.7244094488188977,0.7241357909762304,-0.02020202020202022,0.1511494252873563,254,56,48,12,False
3162.2776601683795,0.16038217696483067,0.5203252032520326,0.5,0.0,0.0,123,25,0.515748031496063,0.5,0.0,0.0,254,56,48,13,True
3162.2776601683795,0.022342425222989126,0.7398373983739838,0.7341101694915254,-0.16367346938775507,0.1311475409836066,123,25,0.6653543307086615,0.6584434928318749,0.03282828282828287,-0.012643678160919491,254,56,48,14,False
2069.5612322794846,0.0029508186369110716,0.7398373983739838,0.7420550847457628,-0.16979591836734692,0.3278688524590164,123,25,0.7007874015748031,0.7022280146465587,0.004689754689754688,0.08678160919540223,254,56,48,15,False
3.783109222988798,0.0037267280746909573,0.7723577235772358,0.7746292372881356,-0.32040816326530613,-0.05464480874316946,123,25,0.7362204724409449,0.7368274064420033,-0.07647907647907654,0.09310344827586214,254,56,48,16,False
1.4948930887353353,0.08810103412039218,0.7886178861788617,0.7902542372881356,-0.3408163265306123,-0.08743169398907102,123,25,0.7559055118110236,0.755166635635822,-0.06331168831168826,0.09942528735632183,254,56,48,17,False
18.957821574984003,0.058765088093671265,0.7642276422764228,0.7648305084745763,-0.12040816326530612,0.2622950819672131,123,25,0.7677165354330708,0.7671135108297648,0.010461760461760394,0.09080459770114946,254,56,48,18,True
12.49885235002731,0.001,0.7967479674796748,0.7980667372881356,-0.3008163265306123,0.24590163934426235,123,25,0.7637795275590551,0.7647861974802954,-0.06132756132756134,0.07586206896551728,254,56,48,19,True
3162.2776601683795,0.31622776601683794,0.7154471544715447,0.7106726694915254,-0.233469387755102,0.180327868852459,123,25,0.6771653543307087,0.6713833550549246,-0.059163059163059084,-0.06206896551724128,254,56,48,20,False
3162.2776601683795,0.001,0.7235772357723578,0.7231197033898304,-0.10081632653061229,0.2786885245901639,123,25,0.6850393700787402,0.6844783715012722,0.038419913419913465,0.18563218390804603,254,56,48,21,True
7.162459566042952,0.00805896706152734,0.7560975609756098,0.7583421610169492,-0.2702040816326531,-0.03825136612021862,123,25,0.7165354330708661,0.7160057096754173,-0.030303030303030276,0.1511494252873563,254,56,48,22,False
19.507856855713,0.31622776601683794,0.7317073170731707,0.7289459745762712,-0.12204081632653063,0.21311475409836067,123,25,0.6929133858267716,0.6888847514429344,0.10317460317460314,0.056321839080459846,254,56,48,23,False
95.63375427043533,0.11200409813340369,0.8048780487804879,0.8025688559322034,-0.15656565656565663,0.15254237288135597,123,33,0.7204724409448819,0.7175882827530565,0.05699855699855705,0.06494252873563222,254,56,49,0,True
0.11125763866460184,0.0032026313833353353,0.8455284552845529,0.8469279661016949,-0.4484848484848485,-0.23050847457627122,123,33,0.7834645669291339,0.7843666604604977,-0.31836219336219335,-0.17586206896551726,254,56,49,1,True
1.443320740833507,0.052301962973978135,0.8373983739837398,0.8384533898305084,-0.3353535353535353,-0.013559322033898313,123,33,0.7716535433070866,0.7721715385092782,-0.05862193362193363,0.12528735632183907,254,56,49,2,True
1339.409296990029,0.005767625944700892,0.7154471544715447,0.7212658898305084,-0.16868686868686866,0.240677966101695,123,33,0.6535433070866141,0.657667721715385,-0.09036796536796537,0.08275862068965512,254,56,49,3,False
522.7135344741884,0.034036720014501656,0.7723577235772358,0.7759533898305084,-0.28787878787878785,-0.0949152542372882,123,33,0.7007874015748031,0.7032210016756657,-0.06944444444444442,0.04597701149425282,254,56,49,4,False
13.23913498087802,0.017308019652947676,0.8048780487804879,0.8058792372881356,-0.25252525252525254,0.02033898305084747,123,33,0.7362204724409449,0.7368274064420033,0.015151515151515138,0.16839080459770117,254,56,49,5,False
1.1290237236803662,0.16453016454354014,0.8211382113821138,0.822166313559322,-0.3353535353535353,0.003389830508474634,123,33,0.7637795275590551,0.7647861974802954,-0.10714285714285715,0.0005747126436781436,254,56,49,6,False
35.128957696624994,0.001020358854176731,0.7479674796747967,0.7538400423728814,-0.2101010101010101,0.20677966101694922,123,33,0.6535433070866141,0.6581642152299385,-0.04725829725829722,0.02471264367816095,254,56,49,7,False
56.18474049479251,0.31622776601683794,0.7886178861788617,0.784957627118644,-0.20101010101010103,0.13559322033898302,123,33,0.7559055118110236,0.7541736486067151,0.010822510822510845,0.06494252873563222,254,56,49,8,False
2548.150209819497,0.08886861522087375,0.6178861788617886,0.6169226694915254,0.02323232323232316,-0.04406779661016946,123,33,0.6653543307086615,0.6668838825792838,-0.0818903318903319,0.12988505747126433,254,56,49,9,True
473.0280361225208,0.10363751463654042,0.7723577235772358,0.775291313559322,-0.2272727272727273,-0.11186440677966103,123,33,0.6771653543307087,0.6800719915596103,-0.0034271284271284452,0.01379310344827589,254,56,49,10,False
3059.106400879528,0.0035400171841086423,0.5040650406504065,0.5141684322033898,-0.09595959595959597,-0.07118644067796609,123,33,0.5039370078740157,0.5118848135046237,-0.0891053391053391,0.08333333333333331,254,56,49,11,False
1462.1872613451908,0.31622776601683794,0.7479674796747967,0.7485434322033898,-0.05656565656565654,0.288135593220339,123,33,0.65748031496063,0.6572643207348103,0.07647907647907642,0.153448275862069,254,56,49,12,True
4.263129029474359,0.001,0.8373983739837398,0.8384533898305084,-0.37676767676767675,0.2033898305084746,123,33,0.7637795275590551,0.7647861974802954,-0.22168109668109676,-0.15000000000000002,254,56,49,13,False
4.381848398631247,0.31622776601683794,0.8292682926829268,0.8293167372881356,-0.28585858585858587,0.18644067796610164,123,33,0.7637795275590551,0.7647861974802954,-0.08423520923520927,0.07586206896551728,254,56,49,14,True
2104.357913027268,0.31622776601683794,0.5691056910569106,0.568061440677966,-0.1424242424242424,-0.21016949152542375,123,33,0.5275590551181102,0.5283311611742072,-0.03841991341991341,0.18390804597701144,254,56,49,15,False
806.9608810982962,0.31622776601683794,0.7804878048780488,0.7744968220338984,-0.15454545454545454,0.0847457627118644,123,33,0.7165354330708661,0.7102960342580524,-0.10227272727272729,-0.047126436781609216,254,56,49,16,True
0.2925232153109299,0.31622776601683794,0.8455284552845529,0.845603813559322,-0.4101010101010101,-0.047457627118643986,123,33,0.7677165354330708,0.7683547446161485,-0.2368326118326119,-0.09195402298850575,254,56,49,17,True
178.6866991660665,0.31622776601683794,0.7967479674796748,0.7914459745762712,-0.2565656565656566,0.0847457627118644,123,33,0.7322834645669292,0.7290386644324458,-0.09559884559884557,0.039080459770114984,254,56,49,18,False
0.5198105692290276,0.001,0.8373983739837398,0.8384533898305084,-0.45959595959595967,-0.23050847457627122,123,33,0.7677165354330708,0.7681064978588718,-0.2927489177489177,-0.2511494252873563,254,56,49,19,False
1138.4007424091478,0.31622776601683794,0.7804878048780488,0.7738347457627119,-0.13535353535353534,0.06779661016949157,123,33,0.7283464566929134,0.7227394029665487,-0.09992784992784998,-0.03850574712643673,254,56,49,20,True
7.676551868271253,0.31622776601683794,0.8211382113821138,0.8195180084745763,-0.21717171717171724,0.15254237288135597,123,33,0.7362204724409449,0.7350896791410662,0.013167388167388161,0.10804597701149432,254,56,49,21,True
1745.675813090843,0.31622776601683794,0.7235772357723578,0.713188559322034,-0.13333333333333341,0.03389830508474578,123,33,0.6889763779527559,0.6803512691615465,-0.037878787878787845,-0.09885057471264369,254,56,49,22,False
3011.1604818115657,0.31622776601683794,0.5528455284552846,0.543167372881356,-0.01717171717171717,-0.19661016949152543,123,33,0.5748031496062992,0.5699124930180599,-0.0874819624819625,0.08448275862068966,254,56,49,23,True
912.8346511165629,0.010429270635194804,0.7642276422764228,0.7648305084745763,-0.17969924812030075,-0.1428571428571429,123,28,0.7598425196850394,0.7609694035871657,0.012445887445887427,0.08448275862068966,254,56,50,0,False
0.7158861358348827,0.15135589883533368,0.7560975609756098,0.7556938559322034,-0.35,-0.1607142857142857,123,28,0.7637795275590551,0.7620554831502513,-0.19534632034632038,-0.018965517241379293,254,56,50,1,False
14.551566426895262,0.002519303687516584,0.7560975609756098,0.7556938559322034,-0.16503759398496237,-0.017857142857142905,123,28,0.7440944881889764,0.7437162539564327,0.02056277056277056,0.12528735632183907,254,56,50,2,False
100.96364556671114,0.03523469016026799,0.7560975609756098,0.7550317796610169,-0.09360902255639092,0.1071428571428571,123,28,0.7362204724409449,0.735337925898343,0.023268398268398327,0.1166666666666667,254,56,50,3,True
61.257617051742955,0.0010166415641536717,0.6666666666666666,0.6611493644067796,-0.13796992481203008,-0.0535714285714286,123,28,0.7165354330708661,0.7132749953453733,-0.04978354978354982,-0.018965517241379293,254,56,50,4,False
2.4854315424566575,0.06231587516183401,0.7560975609756098,0.7563559322033898,-0.23646616541353377,-0.1428571428571429,123,28,0.7716535433070866,0.7711785514801712,-0.05321067821067821,0.09080459770114946,254,56,50,5,False
0.1213556061419747,0.004401797179197191,0.7723577235772358,0.7726430084745763,-0.4214285714285714,-0.1607142857142857,123,28,0.7913385826771654,0.7920002482467572,-0.3055555555555556,-0.11781609195402298,254,56,50,6,False
558.0386963318275,0.255940468505267,0.7317073170731707,0.7289459745762712,-0.1462406015037594,0.0892857142857143,123,28,0.7244094488188977,0.7214050766461864,-0.039682539682539764,-0.018965517241379293,254,56,50,7,False
88.13446533970712,0.004573362150124036,0.7642276422764228,0.7654925847457628,-0.20488721804511273,-0.125,123,28,0.7598425196850394,0.7602246633153354,-0.01785714285714285,0.13390804597701156,254,56,50,8,False
144.49338131083212,0.0847843451647827,0.7398373983739838,0.7374205508474576,-0.043233082706766957,0.0892857142857143,123,28,0.7440944881889764,0.7422267734127723,0.09740259740259749,0.14885057471264374,254,56,50,9,True
52.06544365808232,0.13939375693595651,0.7398373983739838,0.7374205508474576,-0.043233082706766957,0.0892857142857143,123,28,0.7322834645669292,0.729783404704276,0.0492424242424242,0.06494252873563222,254,56,50,10,True
14.276956618103998,0.016027459903627663,0.7723577235772358,0.7726430084745763,-0.09774436090225563,0.125,123,28,0.7480314960629921,0.7480295413641159,0.012806637806637822,0.13390804597701156,254,56,50,11,True
49.66998541330617,0.08049141531959385,0.7560975609756098,0.7556938559322034,-0.11879699248120307,0.125,123,28,0.7125984251968503,0.710947681995904,0.06168831168831168,0.1166666666666667,254,56,50,12,False
56.326310140889326,0.31622776601683794,0.7073170731707317,0.7035222457627119,-0.13157894736842102,0.0892857142857143,123,28,0.6771653543307087,0.6731210823558618,0.12608225108225102,0.0735632183908046,254,56,50,13,False
10.03713306452959,0.005821949049730899,0.7560975609756098,0.7576800847457628,-0.19436090225563912,-0.1071428571428571,123,28,0.7440944881889764,0.7437162539564327,0.02056277056277056,0.12528735632183907,254,56,50,14,False
81.88245010320462,0.014931229819569652,0.7804878048780488,0.7804555084745763,-0.10827067669172935,0.1071428571428571,123,28,0.7480314960629921,0.7480295413641159,0.012806637806637822,0.13390804597701156,254,56,50,15,True
3162.2776601683795,0.01712940177710019,0.7073170731707317,0.706832627118644,-0.16503759398496237,-0.1071428571428571,123,28,0.7598425196850394,0.7597281698007821,-0.03805916305916307,0.04137931034482767,254,56,50,16,False
130.13216253402732,0.00954177615148528,0.7723577235772358,0.7733050847457628,-0.16917293233082703,0.0,123,28,0.7519685039370079,0.7520945820145224,-0.027958152958152904,0.13390804597701156,254,56,50,17,False
1917.7905668831324,0.005026296518777451,0.7317073170731707,0.7322563559322034,-0.17969924812030075,-0.1071428571428571,123,28,0.7637795275590551,0.7650344442375722,-0.05122655122655123,0.009195402298850519,254,56,50,18,False
35.774177262641096,0.0204886560689497,0.7723577235772358,0.7726430084745763,-0.09774436090225563,0.125,123,28,0.7440944881889764,0.7439645007137095,0.030663780663780615,0.13390804597701156,254,56,50,19,True
1.5616826328429558,0.003405204981727733,0.7560975609756098,0.7556938559322034,-0.2575187969924812,-0.1607142857142857,123,28,0.7795275590551181,0.7798051262955377,-0.1145382395382396,0.10804597701149432,254,56,50,20,False
53.6944529927384,0.013726074802599578,0.7723577235772358,0.7726430084745763,-0.09774436090225563,0.125,123,28,0.7362204724409449,0.7360826661701731,0.030663780663780615,0.14252873563218393,254,56,50,21,True
208.34311101785278,0.013726443735542047,0.7479674796747967,0.7478813559322034,-0.20075187969924807,-0.1428571428571429,123,28,0.7559055118110236,0.7554148823930987,0.038419913419913465,0.10804597701149432,254,56,50,22,False
50.609533544655335,0.016825160081890264,0.7723577235772358,0.7726430084745763,-0.09774436090225563,0.125,123,28,0.7401574803149606,0.7398994600633029,0.025613275613275643,0.13390804597701156,254,56,50,23,True
244.49272306255176,0.11744732060822735,0.7479674796747967,0.7452330508474576,-0.10919540229885061,0.21052631578947367,123,36,0.7204724409448819,0.7178365295103333,-0.0016233766233766378,-0.0017241379310344307,254,56,51,0,True
0.22556722445606286,0.007448020065634244,0.7804878048780488,0.7804555084745763,-0.3706896551724138,0.08521303258145363,123,36,0.7913385826771654,0.7915037547322038,-0.23412698412698413,-0.05977011494252882,254,56,51,1,False
2.7068598900103136,0.02918493702615956,0.8211382113821138,0.8201800847457628,-0.32662835249042144,0.17543859649122806,123,36,0.7677165354330708,0.7673617575870415,-0.025252525252525304,0.09942528735632183,254,56,51,2,True
22.34370033788903,0.0019074589565518905,0.7886178861788617,0.7889300847457628,-0.20210727969348657,0.24561403508771928,123,36,0.7598425196850394,0.7599764165580587,-0.005050505050505083,0.12528735632183907,254,56,51,3,True
81.85476123420088,0.03687867356481438,0.7886178861788617,0.7869438559322034,-0.19252873563218392,0.19298245614035092,123,36,0.7283464566929134,0.7269595978402532,0.04888167388167386,0.10804597701149432,254,56,51,4,True
9.840633395003657,0.0026186515154626713,0.7804878048780488,0.7804555084745763,-0.21360153256704978,0.24561403508771928,123,36,0.7519685039370079,0.7523428287717993,0.0050505050505050275,0.14252873563218393,254,56,51,5,False
0.8210858909959657,0.17444735132331057,0.7967479674796748,0.7960805084745763,-0.3936781609195402,0.05012531328320802,123,36,0.8149606299212598,0.8151492583628126,-0.27994227994227994,-0.08563218390804606,254,56,51,6,False
896.8242034238292,0.012189364278128802,0.7723577235772358,0.7733050847457628,-0.13984674329501917,0.2807017543859649,123,36,0.7086614173228346,0.7111028362192018,0.022186147186147198,0.11264367816091947,254,56,51,7,True
1421.3999410696501,0.31622776601683794,0.6910569105691057,0.6859110169491525,-0.07183908045977005,0.21052631578947367,123,36,0.7165354330708661,0.7122820083162664,0.0701659451659451,0.02183908045977012,254,56,51,8,False
3162.2776601683795,0.001,0.7235772357723578,0.7231197033898304,-0.342911877394636,-0.022556390977443552,123,36,0.6377952755905512,0.6381803512691615,-0.0357142857142857,-0.02931034482758621,254,56,51,9,False
841.3008890375654,0.1011211695732054,0.7398373983739838,0.7360963983050848,-0.14367816091954022,0.19298245614035092,123,36,0.7480314960629921,0.746043567305902,-0.022186147186147198,-0.010344827586206806,254,56,51,10,False
253.77935201527774,0.31622776601683794,0.7560975609756098,0.753707627118644,-0.1369731800766284,0.21052631578947367,123,36,0.7362204724409449,0.734344938869236,0.005772005772005762,0.08218390804597708,254,56,51,11,True
49.81084351283996,0.00562074844616699,0.7723577235772358,0.7706567796610169,-0.15325670498084298,0.21052631578947367,123,36,0.7322834645669292,0.7317693787624899,0.06132756132756134,0.13390804597701156,254,56,51,12,False
12.248944614565984,0.02969154147514661,0.8130081300813008,0.8117055084745763,-0.2595785440613027,0.17543859649122806,123,36,0.7283464566929134,0.7277043381120833,0.03336940836940838,0.13390804597701156,254,56,51,13,True
692.416147114549,0.033211315025363335,0.6829268292682927,0.6780985169491525,-0.06034482758620685,0.22807017543859653,123,36,0.7559055118110236,0.7531806615776081,-0.00667388167388161,0.030459770114942608,254,56,51,14,False
3162.2776601683795,0.18584835600772345,0.5447154471544715,0.5585275423728814,-0.15134099616858238,-0.08521303258145363,123,36,0.5078740157480315,0.5191770619996277,0.024350649350649373,0.1954022988505747,254,56,51,15,False
181.1385114885025,0.0011240871541167955,0.7886178861788617,0.7862817796610169,-0.2547892720306513,0.17543859649122806,123,36,0.7165354330708661,0.7172469434618011,0.02020202020202022,0.11896551724137938,254,56,51,16,False
12.334753338706925,0.31622776601683794,0.7886178861788617,0.7869438559322034,-0.2710727969348659,0.19298245614035092,123,36,0.7637795275590551,0.7620554831502513,-0.012085137085137032,0.056321839080459846,254,56,51,17,False
1.2989198598015896,0.001,0.7804878048780488,0.7797934322033898,-0.31513409961685823,0.06766917293233077,123,36,0.7677165354330708,0.7676100043443183,-0.1755050505050505,-0.042528735632183956,254,56,51,18,False
205.74190589738717,0.019957842479330242,0.8048780487804879,0.8032309322033898,-0.23180076628352492,0.17543859649122806,123,36,0.7322834645669292,0.7310246384906597,0.008116883116883189,0.10804597701149432,254,56,51,19,True
557.477775446918,0.31622776601683794,0.6991869918699187,0.694385593220339,-0.06034482758620685,0.21052631578947367,123,36,0.7362204724409449,0.7323589648110221,0.08531746031746024,0.013218390804597746,254,56,51,20,True
838.4839435290958,0.31622776601683794,0.6991869918699187,0.694385593220339,-0.13888888888888884,0.21052631578947367,123,36,0.6771653543307087,0.671879848569478,0.029761904761904767,0.030459770114942608,254,56,51,21,False
43.859595097533166,0.31622776601683794,0.7317073170731707,0.7296080508474576,-0.08620689655172409,0.24561403508771928,123,36,0.7401574803149606,0.7386582262769192,-0.001984126984126977,0.09080459770114946,254,56,51,22,True
5.800960513480739,0.02133603999882375,0.8048780487804879,0.8038930084745763,-0.2480842911877395,0.19298245614035092,123,36,0.7283464566929134,0.7274560913548067,0.0003607503607503393,0.12528735632183907,254,56,51,23,True
