method,norm,seed,test,acc,bacc,spd,eod,n,n_female
FedAvg,local,42,all-centers,0.7086614173228346,0.7076273816173276,-0.30248917748917753,-0.23390804597701154,254,56
FedAvg,local,42,Cleveland,0.7596153846153846,0.7619047619047619,-0.23277310924369748,-0.15384615384615385,104,34
FedAvg,local,42,Hungary,0.6966292134831461,0.7278138528138528,-0.3796992481203008,-0.39655172413793105,89,19
FedAvg,local,42,Switzerland,0.6875,0.8333333333333333,,,16,0
FedAvg,local,42,Long Beach,0.6222222222222222,0.6499999999999999,-0.5714285714285714,-0.6363636363636364,45,3
FedAvg,local,42,flamby-pooled,0.7519685039370079,0.7520945820145224,-0.30284992784992787,-0.16724137931034488,254,56
FedAvg,local,43,all-centers,0.7204724409448819,0.7203189970831005,-0.08387445887445882,0.08448275862068966,254,56
FedAvg,local,43,Cleveland,0.7211538461538461,0.7217261904761905,0.01428571428571429,0.19658119658119655,104,34
FedAvg,local,43,Hungary,0.7415730337078652,0.7573051948051948,-0.16015037593984965,-0.07758620689655171,89,19
FedAvg,local,43,Switzerland,0.75,0.8666666666666667,,,16,0
FedAvg,local,43,Long Beach,0.6666666666666666,0.7142857142857143,-0.21428571428571436,-0.13636363636363635,45,3
FedAvg,local,43,flamby-pooled,0.7637795275590551,0.7630484701793583,-0.15494227994227994,0.015517241379310431,254,56
FedAvg,local,44,all-centers,0.7007874015748031,0.7024762614038353,-0.3059163059163059,-0.28103448275862064,254,56
FedAvg,local,44,Cleveland,0.7403846153846154,0.7380952380952381,-0.32184873949579834,-0.18803418803418803,104,34
FedAvg,local,44,Hungary,0.7528089887640449,0.7600108225108224,-0.3180451127819549,-0.6120689655172413,89,19
FedAvg,local,44,Switzerland,0.5,0.7333333333333334,,,16,0
FedAvg,local,44,Long Beach,0.5777777777777777,0.6571428571428571,-0.47619047619047616,-0.5454545454545454,45,3
FedAvg,local,44,flamby-pooled,0.7637795275590551,0.7657791845094023,-0.3874458874458874,-0.3413793103448276,254,56
FedAvg,local,45,all-centers,0.6889763779527559,0.689288152423509,-0.3614718614718615,-0.31551724137931036,254,56
FedAvg,local,45,Cleveland,0.7211538461538461,0.71875,-0.27815126050420164,-0.16239316239316237,104,34
FedAvg,local,45,Hungary,0.6741573033707865,0.6850649350649352,-0.4278195488721805,-0.5431034482758621,89,19
FedAvg,local,45,Switzerland,0.75,0.8666666666666667,,,16,0
FedAvg,local,45,Long Beach,0.6222222222222222,0.6499999999999999,-0.5714285714285714,-0.6363636363636364,45,3
FedAvg,local,45,flamby-pooled,0.7007874015748031,0.7017315211320052,-0.40494227994227994,-0.38218390804597707,254,56
FedAvg,local,46,all-centers,0.7047244094488189,0.7048035747533048,-0.027958152958152904,0.1103448275862069,254,56
FedAvg,local,46,Cleveland,0.7019230769230769,0.7023809523809523,0.01428571428571429,0.2222222222222222,104,34
FedAvg,local,46,Hungary,0.7303370786516854,0.7483766233766234,-0.10751879699248124,-0.3620689655172413,89,19
FedAvg,local,46,Switzerland,0.5625,0.7666666666666666,,,16,0
FedAvg,local,46,Long Beach,0.7111111111111111,0.7785714285714286,0.1428571428571428,0.36363636363636365,45,3
FedAvg,local,46,flamby-pooled,0.7598425196850394,0.7592316762862286,-0.10407647907647904,0.024137931034482807,254,56
FedAvg,local,47,all-centers,0.7047244094488189,0.7055483150251349,-0.0892857142857143,0.060919540229884994,254,56
FedAvg,local,47,Cleveland,0.6923076923076923,0.6889880952380952,-0.04537815126050421,0.02564102564102555,104,34
FedAvg,local,47,Hungary,0.7415730337078652,0.751082251082251,-0.13157894736842107,-0.0431034482758621,89,19
FedAvg,local,47,Switzerland,0.75,0.8666666666666667,,,16,0
FedAvg,local,47,Long Beach,0.6444444444444445,0.7,0.16666666666666663,0.4242424242424242,45,3
FedAvg,local,47,flamby-pooled,0.7047244094488189,0.7050518215105815,-0.13239538239538245,0.11896551724137938,254,56
FedAvg,local,48,all-centers,0.7047244094488189,0.704555327996028,-0.060966810966811,0.10172413793103452,254,56
FedAvg,local,48,Cleveland,0.6923076923076923,0.6979166666666667,-0.04201680672268904,0.14529914529914523,104,34
FedAvg,local,48,Hungary,0.7640449438202247,0.7564935064935066,-0.11278195488721804,0.025862068965517238,89,19
FedAvg,local,48,Switzerland,0.6875,0.8333333333333333,,,16,0
FedAvg,local,48,Long Beach,0.6222222222222222,0.6142857142857143,0.09523809523809523,-0.13636363636363635,45,3
FedAvg,local,48,flamby-pooled,0.7559055118110236,0.755166635635822,-0.10912698412698413,0.09942528735632183,254,56
FedAvg,local,49,all-centers,0.6771653543307087,0.6780860175013963,-0.17586580086580084,-0.05517241379310345,254,56
FedAvg,local,49,Cleveland,0.6923076923076923,0.6919642857142857,-0.14621848739495802,-0.16239316239316237,104,34
FedAvg,local,49,Hungary,0.7415730337078652,0.751082251082251,-0.2654135338345865,-0.0431034482758621,89,19
FedAvg,local,49,Switzerland,0.625,0.8,,,16,0
FedAvg,local,49,Long Beach,0.5333333333333333,0.5928571428571429,-0.11904761904761907,0.015151515151515138,45,3
FedAvg,local,49,flamby-pooled,0.6771653543307087,0.6788307577732267,-0.2142857142857143,0.04597701149425282,254,56
FedAvg,local,50,all-centers,0.7125984251968503,0.7102029417240737,0.031385281385281294,0.09080459770114946,254,56
FedAvg,local,50,Cleveland,0.6923076923076923,0.6994047619047619,0.060504201680672276,0.11965811965811957,104,34
FedAvg,local,50,Hungary,0.7191011235955056,0.7456709956709957,0.11729323308270678,0.1724137931034483,89,19
FedAvg,local,50,Switzerland,0.8125,0.9,,,16,0
FedAvg,local,50,Long Beach,0.7111111111111111,0.7071428571428571,-0.3095238095238096,-0.2272727272727273,45,3
FedAvg,local,50,flamby-pooled,0.7598425196850394,0.7569974554707379,-0.05753968253968256,-0.053448275862068906,254,56
FedAvg,local,51,all-centers,0.7204724409448819,0.720815490597654,-0.22402597402597396,-0.04885057471264376,254,56
FedAvg,local,51,Cleveland,0.7211538461538461,0.7232142857142857,-0.18907563025210083,0.1709401709401709,104,34
FedAvg,local,51,Hungary,0.7640449438202247,0.7627164502164503,-0.20827067669172933,-0.2931034482758621,89,19
FedAvg,local,51,Switzerland,0.75,0.8666666666666667,,,16,0
FedAvg,local,51,Long Beach,0.6222222222222222,0.6499999999999999,-0.5714285714285714,-0.6363636363636364,45,3
FedAvg,local,51,flamby-pooled,0.7480314960629921,0.7480295413641159,-0.30790043290043295,-0.16724137931034488,254,56
