method,norm,seed,test,acc,bacc,spd,eod,n,n_female,holdout
FedAvg,local,42,Cleveland,0.7755775577557755,0.7800710650991403,-0.2963166850165149,-0.09087719298245611,303,97,Cleveland
FedAvg,local,43,Cleveland,0.7326732673267327,0.7322117915423758,-0.016664998498648775,0.18701754385964908,303,97,Cleveland
FedAvg,local,44,Cleveland,0.7887788778877888,0.7867827689068259,-0.3617755980382344,-0.05192982456140349,303,97,Cleveland
FedAvg,local,45,Cleveland,0.7062706270627063,0.7034348131251096,-0.3720848763887499,-0.2305263157894737,303,97,Cleveland
FedAvg,local,46,Cleveland,0.7128712871287128,0.7188541849447272,-0.13316985286758076,0.010526315789473717,303,97,Cleveland
FedAvg,local,47,Cleveland,0.6963696369636964,0.6931917880329883,-0.03363026724051649,0.17719298245614035,303,97,Cleveland
FedAvg,local,48,Cleveland,0.6798679867986799,0.6856246709949114,-0.13316985286758076,0.10315789473684212,303,97,Cleveland
FedAvg,local,49,Cleveland,0.6204620462046204,0.6197797859273557,-0.08702832549294365,0.08350877192982464,303,97,Cleveland
FedAvg,local,50,Cleveland,0.6303630363036303,0.6426346727496052,0.048743869482534286,0.05929824561403507,303,97,Cleveland
FedAvg,local,51,Cleveland,0.6996699669966997,0.7000789612212668,-0.2938644780302272,-0.07929824561403509,303,97,Cleveland
FedAvg,federated,42,Cleveland,0.7854785478547854,0.7914107738199684,-0.3357521769592634,-0.12596491228070172,303,97,Cleveland
FedAvg,federated,43,Cleveland,0.7854785478547854,0.7766055448324267,-0.11910719647682916,0.20842105263157895,303,97,Cleveland
FedAvg,federated,44,Cleveland,0.7623762376237624,0.758554132303913,-0.3781403262936643,-0.08807017543859652,303,97,Cleveland
FedAvg,federated,45,Cleveland,0.7392739273927392,0.7267941744165642,-0.37929136222600346,-0.4091228070175439,303,97,Cleveland
FedAvg,federated,46,Cleveland,0.66996699669967,0.6858001403755045,-0.07016314683214897,0.05157894736842106,303,97,Cleveland
FedAvg,federated,47,Cleveland,0.7425742574257426,0.7298429549043692,-0.16214593133820437,0.029824561403508754,303,97,Cleveland
FedAvg,federated,48,Cleveland,0.7392739273927392,0.7355676434462186,-0.23135822240016013,0.08456140350877195,303,97,Cleveland
FedAvg,federated,49,Cleveland,0.6831683168316832,0.6672881207229339,-0.21974777299569614,-0.09122807017543855,303,97,Cleveland
FedAvg,federated,50,Cleveland,0.7293729372937293,0.7297113528689243,-0.09188269442498248,0.1294736842105263,303,97,Cleveland
FedAvg,federated,51,Cleveland,0.7326732673267327,0.7234383225127214,-0.3010709638674808,-0.16035087719298247,303,97,Cleveland
FedAvg,federated-impute,42,Cleveland,0.7920792079207921,0.7975083347955781,-0.32604343909518574,-0.12596491228070172,303,97,Cleveland
FedAvg,federated-impute,43,Cleveland,0.7722772277227723,0.7649587646955607,-0.10274246822139926,0.19964912280701752,303,97,Cleveland
FedAvg,federated-impute,44,Cleveland,0.768976897689769,0.7668450605369364,-0.3769392453207887,-0.07438596491228067,303,97,Cleveland
FedAvg,federated-impute,45,Cleveland,0.7524752475247525,0.7389892963677838,-0.3143829446501851,-0.311578947368421,303,97,Cleveland
FedAvg,federated-impute,46,Cleveland,0.6666666666666666,0.6827513598876995,-0.05985386848163354,0.05157894736842106,303,97,Cleveland
FedAvg,federated-impute,47,Cleveland,0.7425742574257426,0.7303912967187226,-0.14152737463717346,0.06982456140350879,303,97,Cleveland
FedAvg,federated-impute,48,Cleveland,0.7326732673267327,0.7316634497280224,-0.18892002802522267,0.0982456140350878,303,97,Cleveland
FedAvg,federated-impute,49,Cleveland,0.6831683168316832,0.6645464116511669,-0.12571314182764487,0.09894736842105267,303,97,Cleveland
FedAvg,federated-impute,50,Cleveland,0.7128712871287128,0.7155641340586067,-0.07491742568311477,0.11192982456140343,303,97,Cleveland
FedAvg,federated-impute,51,Cleveland,0.7293729372937293,0.7203895420249167,-0.3059253327995196,-0.16035087719298247,303,97,Cleveland
FedAvg,local,42,Hungary,0.6934865900383141,0.7240828846876174,-0.4162137681159421,-0.3003875968992248,261,69,Hungary
FedAvg,local,43,Hungary,0.7203065134099617,0.7414861650181546,-0.18161231884057966,-0.08720930232558144,261,69,Hungary
FedAvg,local,44,Hungary,0.7279693486590039,0.733379241267059,-0.3937952898550725,-0.38565891472868213,261,69,Hungary
FedAvg,local,45,Hungary,0.6475095785440613,0.6628583948916991,-0.4719202898550725,-0.3507751937984496,261,69,Hungary
FedAvg,local,46,Hungary,0.7279693486590039,0.7435520220358082,-0.15036231884057966,-0.1589147286821706,261,69,Hungary
FedAvg,local,47,Hungary,0.7854406130268199,0.795667960435708,-0.14288949275362323,-0.09883720930232553,261,69,Hungary
FedAvg,local,48,Hungary,0.7471264367816092,0.7649931138099412,-0.09646739130434784,0.0910852713178294,261,69,Hungary
FedAvg,local,49,Hungary,0.6973180076628352,0.7210467008889445,-0.20244565217391303,0.019379844961240345,261,69,Hungary
FedAvg,local,50,Hungary,0.6130268199233716,0.6576311506197572,0.01675724637681164,0.0910852713178294,261,69,Hungary
FedAvg,local,51,Hungary,0.6934865900383141,0.7098409916113684,-0.3629981884057971,-0.21899224806201545,261,69,Hungary
FedAvg,federated,42,Hungary,0.7931034482758621,0.7712845874546137,-0.4096467391304348,-0.6841085271317829,261,69,Hungary
FedAvg,federated,43,Hungary,0.7739463601532567,0.7640853887567297,-0.2212409420289855,-0.16085271317829453,261,69,Hungary
FedAvg,federated,44,Hungary,0.7394636015325671,0.6856141229497934,-0.26381340579710144,-0.4399224806201551,261,69,Hungary
FedAvg,federated,45,Hungary,0.6934865900383141,0.7037373231501189,-0.5090579710144928,-0.4689922480620155,261,69,Hungary
FedAvg,federated,46,Hungary,0.7586206896551724,0.7151934393389258,-0.15307971014492755,-0.23643410852713181,261,69,Hungary
FedAvg,federated,47,Hungary,0.7816091954022989,0.7742894703893828,-0.13315217391304346,-0.08914728682170547,261,69,Hungary
FedAvg,federated,48,Hungary,0.8007662835249042,0.7835232252410167,-0.213768115942029,-0.2441860465116279,261,69,Hungary
FedAvg,federated,49,Hungary,0.7279693486590039,0.7537248028045573,-0.3797554347826087,-0.21705426356589153,261,69,Hungary
FedAvg,federated,50,Hungary,0.7816091954022989,0.7742894703893828,-0.11345108695652178,-0.18410852713178294,261,69,Hungary
FedAvg,federated,51,Hungary,0.789272030651341,0.7621134343307875,-0.3245018115942029,-0.36434108527131787,261,69,Hungary
FedAvg,federated-impute,42,Hungary,0.789272030651341,0.7641479904845374,-0.33491847826086957,-0.4709302325581395,261,69,Hungary
FedAvg,federated-impute,43,Hungary,0.7662835249042146,0.7620195317390761,-0.21308876811594202,-0.18410852713178294,261,69,Hungary
FedAvg,federated-impute,44,Hungary,0.735632183908046,0.6886503067484663,-0.3002717391304348,-0.4748062015503876,261,69,Hungary
FedAvg,federated-impute,45,Hungary,0.7049808429118773,0.7068361086765995,-0.46218297101449274,-0.434108527131783,261,69,Hungary
FedAvg,federated-impute,46,Hungary,0.7969348659003831,0.7702829598096907,-0.22599637681159424,-0.3759689922480621,261,69,Hungary
FedAvg,federated-impute,47,Hungary,0.8007662835249042,0.7896268937022661,-0.12681159420289856,0.005813953488372103,261,69,Hungary
FedAvg,federated-impute,48,Hungary,0.8045977011494253,0.7926943783648429,-0.2004076086956522,-0.18410852713178294,261,69,Hungary
FedAvg,federated-impute,49,Hungary,0.7241379310344828,0.7526918742957305,-0.31657608695652173,-0.13372093023255816,261,69,Hungary
FedAvg,federated-impute,50,Hungary,0.7509578544061303,0.751784149242519,-0.12613224637681159,-0.19573643410852715,261,69,Hungary
FedAvg,federated-impute,51,Hungary,0.789272030651341,0.7661825466382872,-0.30593297101449274,-0.2926356589147287,261,69,Hungary
FedAvg,local,42,Switzerland,0.5869565217391305,0.7888888888888889,-0.6046511627906976,-0.6190476190476191,46,3,Switzerland
FedAvg,local,43,Switzerland,0.5869565217391305,0.7888888888888889,-0.24806201550387602,-0.2619047619047619,46,3,Switzerland
FedAvg,local,44,Switzerland,0.43478260869565216,0.7111111111111111,-0.4418604651162791,-0.4523809523809524,46,3,Switzerland
FedAvg,local,45,Switzerland,0.5652173913043478,0.7777777777777778,-0.5813953488372093,-0.5952380952380952,46,3,Switzerland
FedAvg,local,46,Switzerland,0.5,0.7444444444444445,-0.15503875968992248,-0.16666666666666669,46,3,Switzerland
FedAvg,local,47,Switzerland,0.6086956521739131,0.8,-0.2713178294573643,-0.28571428571428575,46,3,Switzerland
FedAvg,local,48,Switzerland,0.5434782608695652,0.7666666666666666,-0.2015503875968992,-0.21428571428571436,46,3,Switzerland
FedAvg,local,49,Switzerland,0.5,0.7444444444444445,-0.5116279069767442,-0.5238095238095238,46,3,Switzerland
FedAvg,local,50,Switzerland,0.6956521739130435,0.8444444444444444,-0.007751937984496138,-0.023809523809523836,46,3,Switzerland
FedAvg,local,51,Switzerland,0.5434782608695652,0.7666666666666666,-0.5581395348837209,-0.5714285714285714,46,3,Switzerland
FedAvg,federated,42,Switzerland,0.4782608695652174,0.7333333333333334,-0.4883720930232558,-0.5,46,3,Switzerland
FedAvg,federated,43,Switzerland,0.8695652173913043,0.9333333333333333,-0.5503875968992249,-0.5714285714285714,46,3,Switzerland
FedAvg,federated,44,Switzerland,0.9130434782608695,0.9555555555555555,-0.24031007751937983,-0.261904761904762,46,3,Switzerland
FedAvg,federated,45,Switzerland,0.5869565217391305,0.7888888888888889,-0.24806201550387602,-0.2619047619047619,46,3,Switzerland
FedAvg,federated,46,Switzerland,0.8478260869565217,0.9222222222222223,-0.1705426356589148,-0.19047619047619047,46,3,Switzerland
FedAvg,federated,47,Switzerland,0.6086956521739131,0.8,-0.2713178294573643,-0.28571428571428575,46,3,Switzerland
FedAvg,federated,48,Switzerland,0.8260869565217391,0.9111111111111111,-0.5038759689922481,-0.5238095238095237,46,3,Switzerland
FedAvg,federated,49,Switzerland,0.32608695652173914,0.6555555555555556,-0.32558139534883723,-0.3333333333333333,46,3,Switzerland
FedAvg,federated,50,Switzerland,0.9565217391304348,0.4888888888888889,-0.33333333333333337,-0.33333333333333337,46,3,Switzerland
FedAvg,federated,51,Switzerland,0.8260869565217391,0.9111111111111111,-0.5038759689922481,-0.5238095238095237,46,3,Switzerland
FedAvg,federated-impute,42,Switzerland,0.8260869565217391,0.9111111111111111,-0.5038759689922481,-0.5238095238095237,46,3,Switzerland
FedAvg,federated-impute,43,Switzerland,0.8478260869565217,0.9222222222222223,-0.5271317829457365,-0.5476190476190477,46,3,Switzerland
FedAvg,federated-impute,44,Switzerland,0.782608695652174,0.8888888888888888,-0.4573643410852713,-0.4761904761904762,46,3,Switzerland
FedAvg,federated-impute,45,Switzerland,0.782608695652174,0.8888888888888888,-0.4573643410852713,-0.4761904761904762,46,3,Switzerland
FedAvg,federated-impute,46,Switzerland,0.717391304347826,0.8555555555555556,-0.38759689922480617,-0.4047619047619048,46,3,Switzerland
FedAvg,federated-impute,47,Switzerland,0.717391304347826,0.8555555555555556,-0.38759689922480617,-0.4047619047619048,46,3,Switzerland
FedAvg,federated-impute,48,Switzerland,0.6956521739130435,0.8444444444444444,-0.36434108527131787,-0.380952380952381,46,3,Switzerland
FedAvg,federated-impute,49,Switzerland,0.782608695652174,0.8888888888888888,-0.4573643410852713,-0.4761904761904762,46,3,Switzerland
FedAvg,federated-impute,50,Switzerland,0.8913043478260869,0.45555555555555555,-0.26356589147286824,-0.261904761904762,46,3,Switzerland
FedAvg,federated-impute,51,Switzerland,0.8260869565217391,0.9111111111111111,-0.5038759689922481,-0.5238095238095237,46,3,Switzerland
FedAvg,local,42,Long Beach,0.6230769230769231,0.6713895527483782,-0.528,-0.6020408163265306,130,5,Long Beach
FedAvg,local,43,Long Beach,0.6384615384615384,0.6198361215431888,0.0,0.013605442176870763,130,5,Long Beach
FedAvg,local,44,Long Beach,0.5923076923076923,0.6884602253328781,-0.448,-0.5306122448979592,130,5,Long Beach
FedAvg,local,45,Long Beach,0.6384615384615384,0.6935814271082281,-0.528,-0.6122448979591837,130,5,Long Beach
FedAvg,local,46,Long Beach,0.6461538461538462,0.6739501536360533,0.264,0.3877551020408163,130,5,Long Beach
FedAvg,local,47,Long Beach,0.6076923076923076,0.6491976783885285,0.30400000000000005,0.4387755102040817,130,5,Long Beach
FedAvg,local,48,Long Beach,0.676923076923077,0.6814612495732333,-0.19999999999999996,-0.35034013605442177,130,5,Long Beach
FedAvg,local,49,Long Beach,0.5923076923076923,0.6638784568111984,-0.27199999999999996,-0.20748299319727898,130,5,Long Beach
FedAvg,local,50,Long Beach,0.6461538461538462,0.600204848071014,-0.040000000000000036,-0.017006802721088454,130,5,Long Beach
FedAvg,local,51,Long Beach,0.6461538461538462,0.6616592693752135,-0.584,-0.6530612244897959,130,5,Long Beach
FedAvg,federated,42,Long Beach,0.7384615384615385,0.5858654831000342,-0.02399999999999991,0.1428571428571429,130,5,Long Beach
FedAvg,federated,43,Long Beach,0.7461538461538462,0.5908159781495391,-0.24,-0.2108843537414966,130,5,Long Beach
FedAvg,federated,44,Long Beach,0.7769230769230769,0.5737453055650392,-0.11199999999999999,0.061224489795918324,130,5,Long Beach
FedAvg,federated,45,Long Beach,0.7230769230769231,0.6865824513485832,-0.28,-0.08843537414965985,130,5,Long Beach
FedAvg,federated,46,Long Beach,0.7307692307692307,0.6177876408330488,0.03200000000000003,0.18367346938775508,130,5,Long Beach
FedAvg,federated,47,Long Beach,0.676923076923077,0.5462615227039945,0.040000000000000036,0.22448979591836737,130,5,Long Beach
FedAvg,federated,48,Long Beach,0.8,0.5763059064527143,0.05600000000000005,0.020408163265306145,130,5,Long Beach
FedAvg,federated,49,Long Beach,0.6846153846153846,0.6495390918402184,-0.256,-0.04761904761904767,130,5,Long Beach
FedAvg,federated,50,Long Beach,0.7615384615384615,0.5269716626835097,-0.1439999999999999,-0.2925170068027211,130,5,Long Beach
FedAvg,federated,51,Long Beach,0.7692307692307693,0.5565039262546945,-0.12,-0.2823129251700681,130,5,Long Beach
FedAvg,federated-impute,42,Long Beach,0.7538461538461538,0.5834755889382042,-0.05599999999999994,0.11224489795918369,130,5,Long Beach
FedAvg,federated-impute,43,Long Beach,0.7384615384615385,0.5981563673608741,-0.008000000000000007,-0.19047619047619047,130,5,Long Beach
FedAvg,federated-impute,44,Long Beach,0.7384615384615385,0.5489928303175146,-0.07199999999999995,0.11224489795918369,130,5,Long Beach
FedAvg,federated-impute,45,Long Beach,0.7,0.6594400819392283,-0.272,-0.06802721088435382,130,5,Long Beach
FedAvg,federated-impute,46,Long Beach,0.7461538461538462,0.6522703994537384,0.04800000000000004,0.18367346938775508,130,5,Long Beach
FedAvg,federated-impute,47,Long Beach,0.7307692307692307,0.5440423352680096,0.14400000000000002,0.12244897959183676,130,5,Long Beach
FedAvg,federated-impute,48,Long Beach,0.8076923076923077,0.6181290542847389,0.09599999999999997,0.04081632653061229,130,5,Long Beach
FedAvg,federated-impute,49,Long Beach,0.7384615384615385,0.6964834414475931,-0.29599999999999993,-0.108843537414966,130,5,Long Beach
FedAvg,federated-impute,50,Long Beach,0.7384615384615385,0.512120177534995,-0.12,-0.261904761904762,130,5,Long Beach
FedAvg,federated-impute,51,Long Beach,0.7538461538461538,0.5466029361556846,-0.10399999999999998,-0.261904761904762,130,5,Long Beach
