segregation,seed,variant,alpha,lr,val_acc,val_bacc,val_spd,val_eod,val_spd_soft,val_eod_soft,val_n,val_n_female,test_acc,test_bacc,test_spd,test_eod,test_spd_soft,test_eod_soft,test_n,test_n_female
0.5,42,fedavg,0.0,0.3,0.8211382113821138,0.8195180084745763,-0.30565217391304345,-0.028735632183907955,-0.3182627219067629,-0.05590195412180199,123,23,0.7874015748031497,0.7852044932663067,-0.23845598845598842,-0.06206896551724128,-0.24249722384954153,-0.08642387936914064,254,56
0.5,42,dp_local,1.0,0.3,0.7967479674796748,0.7954184322033898,-0.24217391304347824,0.005747126436781658,-0.2068768259264407,0.046266622391754164,123,23,0.7598425196850394,0.7574939489852914,-0.10606060606060608,0.039080459770114984,-0.08688506790926953,0.022486905730061735,254,56
0.5,42,dp_local,3.0,0.3,0.7886178861788617,0.7876059322033898,-0.17869565217391298,0.02298850574712652,-0.14414711334813468,0.08356921464718625,123,23,0.7322834645669292,0.7292869111897227,0.006132756132756101,0.04770114942528736,-0.014349311209703064,0.05089616803934094,254,56
0.5,42,dp_local,10.0,0.3,0.7804878048780488,0.7791313559322034,-0.02826086956521745,0.02298850574712652,-0.07099083522820604,0.11186515486360282,123,23,0.7165354330708661,0.7132749953453733,0.08766233766233766,0.056321839080459846,0.06777039716720057,0.08099850475274284,254,56
0.5,42,dp_local,30.0,0.3,0.7804878048780488,0.777145127118644,-0.034782608695652195,0.15517241379310343,-0.03813410729746858,0.12160176549363755,123,23,0.7086614173228346,0.7044001737727301,0.13888888888888884,0.10574712643678164,0.11387121531504707,0.09722770934512348,254,56
0.5,42,dp_local,100.0,0.3,0.7560975609756098,0.7523834745762712,-0.0982608695652174,-0.011494252873563204,-0.06909104725715465,0.06469469602573019,123,23,0.7204724409448819,0.7160988022093961,0.11093073593073588,0.08850574712643677,0.10018522843296274,0.07793368785013177,254,56
0.5,42,dp_local,300.0,0.3,0.6666666666666666,0.6704184322033898,-0.08217391304347826,0.2816091954022989,-0.01550696616736641,0.25523128778286786,123,23,0.6417322834645669,0.6439831192205052,0.17748917748917747,0.25689655172413794,0.139024007164479,0.22425307226250624,254,56
0.5,42,dp_local,1000.0,0.3,0.5203252032520326,0.5,0.0,0.0,0.0106547142111737,0.005715821666279042,123,23,0.515748031496063,0.5,0.0,0.0,0.011100120229638466,0.00582535955412633,254,56
0.5,42,dp_global,1.0,0.3,0.8130081300813008,0.8110434322033898,-0.31565217391304345,-0.028735632183907955,-0.31233961521614334,-0.04908818837747664,123,23,0.7834645669291339,0.781387699373177,-0.21049783549783552,-0.053448275862068906,-0.2307604335836806,-0.07931053519687858,254,56
0.5,42,dp_global,3.0,0.3,0.8048780487804879,0.8038930084745763,-0.28565217391304343,0.005747126436781658,-0.2873655020477726,-0.023424238876450287,123,23,0.7834645669291339,0.781387699373177,-0.1646825396825397,0.02183908045977012,-0.18901793643983805,-0.03840517199667837,254,56
0.5,42,dp_global,10.0,0.3,0.7886178861788617,0.7876059322033898,-0.23217391304347823,0.02298850574712652,-0.2224194891456231,0.017586197597028286,123,23,0.7677165354330708,0.7661205238006579,-0.0757575757575758,0.056321839080459846,-0.0847964043133218,0.023048008563018363,254,56
0.5,42,dp_global,30.0,0.3,0.7967479674796748,0.7960805084745763,-0.2756521739130434,0.02298850574712652,-0.2721997048188591,-0.003320192853952242,123,23,0.7637795275590551,0.7628002234220815,-0.14213564213564217,0.006896551724137945,-0.1882662565910223,-0.03058810364133835,254,56
0.5,42,dp_global,100.0,0.3,0.7886178861788617,0.7862817796610169,-0.218695652173913,-0.011494252873563204,-0.2294038701826473,-0.009925805331320259,123,23,0.7834645669291339,0.7808912058586235,-0.09325396825396826,0.0045977011494253706,-0.12868452447144307,0.004420035351935803,254,56
0.5,42,dp_global,300.0,0.3,0.7886178861788617,0.7869438559322034,-0.198695652173913,0.005747126436781658,-0.1970883496982319,0.015968111365844195,123,23,0.7637795275590551,0.7620554831502513,-0.08080808080808077,0.056321839080459846,-0.08067284662999635,0.059648500972523166,254,56
0.5,42,dp_global,1000.0,0.3,0.7886178861788617,0.7895921610169492,-0.1721739130434783,0.074712643678161,-0.13047449951994378,0.09990668692620486,123,23,0.7519685039370079,0.750605101470862,-0.06565656565656564,0.08218390804597708,-0.08974510864947488,0.06306340120899878,254,56
0.5,42,eo_local,1.0,0.3,0.8048780487804879,0.8032309322033898,-0.30565217391304345,-0.011494252873563204,-0.3028372789162297,-0.03055537666525987,123,23,0.7874015748031497,0.7852044932663067,-0.23845598845598842,-0.06206896551724128,-0.2313771929219613,-0.08051513097190088,254,56
0.5,42,eo_local,3.0,0.3,0.7886178861788617,0.7869438559322034,-0.30565217391304345,0.005747126436781658,-0.2919528043156732,-0.021315798398920838,123,23,0.7874015748031497,0.7852044932663067,-0.23845598845598842,-0.06206896551724128,-0.22043590319632606,-0.08002848255169714,254,56
0.5,42,eo_local,10.0,0.3,0.7886178861788617,0.7856197033898304,-0.2921739130434783,-0.028735632183907955,-0.26065776471890073,-0.002673332531262007,123,23,0.7598425196850394,0.7560044684416309,-0.16666666666666663,-0.08793103448275863,-0.15970686355532843,-0.05281003695570108,254,56
0.5,42,eo_local,30.0,0.3,0.7886178861788617,0.784957627118644,-0.25869565217391305,-0.04597701149425282,-0.2534657001340858,-0.012796904340429127,123,23,0.7480314960629921,0.743312852975858,-0.11038961038961037,-0.029885057471264354,-0.1340223421696768,-0.062009658016285774,254,56
0.5,42,eo_local,100.0,0.3,0.7723577235772358,0.7686705508474576,-0.20521739130434785,-0.028735632183907955,-0.27411249169779306,-0.051555231780927135,123,23,0.7440944881889764,0.7385030720536213,-0.1686507936507936,-0.05574712643678159,-0.16304251719965868,-0.09235473127350557,254,56
0.5,42,eo_local,300.0,0.3,0.7723577235772358,0.7666843220338984,-0.21173913043478254,-0.08045977011494254,-0.2705872830777283,-0.06644166911813043,123,23,0.7519685039370079,0.7458884130826041,-0.14303751803751807,-0.08160919540229883,-0.13943494711430582,-0.06853253166565942,254,56
0.5,42,eo_local,1000.0,0.3,0.7154471544715447,0.7060381355932204,-0.26826086956521744,-0.11494252873563215,-0.2621934664615876,-0.06373405217824657,123,23,0.7086614173228346,0.7006764724135791,-0.12716450216450215,-0.09885057471264369,-0.12777445861482783,-0.08570376156732962,254,56
0.5,42,eo_global,1.0,0.3,0.8130081300813008,0.8110434322033898,-0.31565217391304345,-0.028735632183907955,-0.3012885204464344,-0.031355775614408166,123,23,0.7795275590551181,0.7773226587227704,-0.2155483405483406,-0.053448275862068906,-0.22057369370107394,-0.05998489188335443,254,56
0.5,42,eo_global,3.0,0.3,0.8211382113821138,0.8195180084745763,-0.30565217391304345,-0.028735632183907955,-0.29907089196205,-0.028762432489672585,123,23,0.7795275590551181,0.7773226587227704,-0.2155483405483406,-0.053448275862068906,-0.21824322010868258,-0.05535334880977616,254,56
0.5,42,eo_global,10.0,0.3,0.7967479674796748,0.7960805084745763,-0.2756521739130434,0.02298850574712652,-0.2796182348093641,-0.013861770677412344,123,23,0.7755905511811023,0.7742506051014708,-0.18019480519480524,-0.018965517241379293,-0.19715635002597615,-0.0349664236382774,254,56
0.5,42,eo_global,30.0,0.3,0.8211382113821138,0.8215042372881356,-0.2456521739130435,0.02298850574712652,-0.23626762739943252,0.02283673407509923,123,23,0.7677165354330708,0.7676100043443183,-0.15259740259740256,0.03275862068965518,-0.16426252918185308,-0.008352657023752985,254,56
0.5,42,eo_global,100.0,0.3,0.7804878048780488,0.777145127118644,-0.40913043478260874,-0.028735632183907955,-0.38006889469719124,-0.11081127268690394,123,23,0.7952755905511811,0.7933345745671196,-0.3658008658008658,-0.13735632183908053,-0.3468707080237069,-0.19424641593894654,254,56
0.5,42,eo_global,300.0,0.3,0.8292682926829268,0.8266684322033898,-0.3891304347826087,-0.06321839080459768,-0.3934924570342969,-0.2158944796979556,123,23,0.7874015748031497,0.785949233538137,-0.32269119769119775,-0.18678160919540232,-0.3379690229662476,-0.251250839843824,254,56
0.5,42,eo_global,1000.0,0.3,0.6829268292682927,0.6794226694915254,-0.3021739130434783,-0.10919540229885061,-0.32971733610798487,-0.09685925567715337,123,23,0.7244094488188977,0.7201638428598026,-0.2047258297258297,-0.13735632183908053,-0.19152325746075743,-0.12363808317392277,254,56
0.5,43,fedavg,0.0,0.1,0.7886178861788617,0.7889300847457628,-0.3136574074074074,0.08521303258145363,-0.3555834398613552,-0.06664354346673895,123,27,0.7716535433070866,0.7711785514801712,-0.30519480519480524,-0.05977011494252882,-0.27377982334533507,-0.1389718746777152,254,56
0.5,43,dp_local,1.0,0.1,0.7560975609756098,0.7576800847457628,-0.2245370370370371,0.15538847117794485,-0.19238773782422802,0.1290759470472509,123,27,0.7637795275590551,0.7637932104511885,-0.07882395382395385,0.1166666666666667,-0.07003832685970807,0.061221605993207806,254,56
0.5,43,dp_local,3.0,0.1,0.7560975609756098,0.7576800847457628,-0.2245370370370371,0.15538847117794485,-0.1443356477032433,0.15322288187374744,123,27,0.7637795275590551,0.7640414572084653,-0.06872294372294369,0.12528735632183907,-0.03872401283618504,0.08521905698139098,254,56
0.5,43,dp_local,10.0,0.1,0.7479674796747967,0.7485434322033898,-0.16087962962962965,0.137844611528822,-0.06920946926671873,0.16277171088788744,123,27,0.7440944881889764,0.743468007199156,0.010461760461760394,0.1166666666666667,0.015208630490655684,0.10602834558692475,254,56
0.5,43,dp_local,30.0,0.1,0.7235772357723578,0.7251059322033898,-0.12962962962962965,0.19047619047619047,-0.06766140256810038,0.1599347630613729,123,27,0.7322834645669292,0.7322658722770434,-0.010101010101010055,0.1511494252873563,0.03819913056532587,0.11714760600749796,254,56
0.5,43,dp_local,100.0,0.1,0.7073170731707317,0.7108050847457628,-0.06712962962962965,0.2606516290726817,-0.028240032703184592,0.19319752917711375,123,27,0.7755905511811023,0.7772295661887916,-0.058982683982684025,0.1597701149425288,0.003320651454447876,0.10760051745107801,254,56
0.5,43,dp_local,300.0,0.1,0.6910569105691057,0.6945180084745763,-0.06712962962962965,0.27819548872180444,0.013191839209934275,0.2411178101885849,123,27,0.7559055118110236,0.7583938434804196,-0.0007215007215007341,0.13620689655172413,0.019844667738022848,0.11706112484988251,254,56
0.5,43,dp_local,1000.0,0.1,0.6585365853658537,0.6586334745762712,0.01851851851851849,0.22556390977443608,-0.017834843009662038,0.16239723848375343,123,27,0.7244094488188977,0.7238875442189536,0.015512265512265477,-0.08333333333333337,0.001268849213078127,-0.0546468974743356,254,56
0.5,43,dp_global,1.0,0.1,0.7886178861788617,0.7889300847457628,-0.3136574074074074,0.08521303258145363,-0.3393887076289738,-0.04092406824156458,123,27,0.7716535433070866,0.7711785514801712,-0.30519480519480524,-0.05977011494252882,-0.25098476351509585,-0.11475400405068847,254,56
0.5,43,dp_global,3.0,0.1,0.7886178861788617,0.7889300847457628,-0.3136574074074074,0.08521303258145363,-0.30188426115610467,0.009470972519620036,123,27,0.7677165354330708,0.7673617575870415,-0.18560606060606055,0.09942528735632183,-0.20240083301762757,-0.06596384174779235,254,56
0.5,43,dp_global,10.0,0.1,0.7804878048780488,0.7811175847457628,-0.2557870370370371,0.10275689223057638,-0.2085436771265921,0.11095355280247854,123,27,0.7519685039370079,0.7511015949854155,-0.09126984126984128,0.09942528735632183,-0.07963965731151512,0.03546275730491033,254,56
0.5,43,dp_global,30.0,0.1,0.6666666666666666,0.6671080508474576,0.12384259259259256,0.38596491228070173,0.0970681560898406,0.30745178358372593,123,27,0.6850393700787402,0.6837336312294421,0.3059163059163059,0.23505747126436782,0.22006408527391336,0.2364081737253515,254,56
0.5,43,dp_global,100.0,0.1,0.6260162601626016,0.6267213983050848,0.3715277777777778,0.4385964912280702,0.2721421455089175,0.39617367212971055,123,27,0.6377952755905512,0.6379321045118849,0.503968253968254,0.3385057471264368,0.36438986987499106,0.32431429904168363,254,56
0.5,43,dp_global,300.0,0.1,0.7317073170731707,0.7329184322033898,-0.18750000000000006,0.1729323308270676,-0.18460923607717966,0.08272847359624214,123,27,0.7519685039370079,0.750605101470862,-0.08856421356421357,0.08218390804597708,-0.07829612867123364,0.03737662638910244,254,56
0.5,43,dp_global,1000.0,0.1,0.5284552845528455,0.530323093220339,0.31828703703703703,0.25814536340852134,0.2321526612420846,0.11959940055385232,123,27,0.5118110236220472,0.5135604791162416,0.18524531024531027,0.23563218390804597,0.10568517316862064,0.12661638631741817,254,56
0.5,43,eo_local,1.0,0.1,0.7804878048780488,0.7791313559322034,-0.3182870370370371,0.05012531328320802,-0.3350514448905381,-0.060056476748751475,123,27,0.7677165354330708,0.7671135108297648,-0.2873376623376624,-0.13505747126436785,-0.2509966594549898,-0.1259907890261076,254,56
0.5,43,eo_local,3.0,0.1,0.7642276422764228,0.7628442796610169,-0.2708333333333333,0.06766917293233077,-0.3140755394350789,-0.05690809172160349,123,27,0.7952755905511811,0.7945758083535034,-0.2694805194805195,-0.018965517241379293,-0.23186201885149238,-0.12151612076351692,254,56
0.5,43,eo_local,10.0,0.1,0.7723577235772358,0.7713188559322034,-0.30787037037037035,0.06766917293233077,-0.29049952619405106,-0.03973690489479775,123,27,0.7913385826771654,0.7897660274312667,-0.259018759018759,-0.04482758620689653,-0.22322863142003496,-0.11733771887789857,254,56
0.5,43,eo_local,30.0,0.1,0.7398373983739838,0.7374205508474576,-0.3495370370370371,0.06766917293233077,-0.2860772723867774,-0.0019909280928828155,123,27,0.7716535433070866,0.7691925774219575,-0.29437229437229434,-0.12873563218390804,-0.22271392429431025,-0.12671568755477924,254,56
0.5,43,eo_local,100.0,0.1,0.6991869918699187,0.6923993644067796,-0.24768518518518517,-0.0025062656641604564,-0.21240655583959006,0.030726187547346684,123,27,0.7519685039370079,0.7458884130826041,-0.18885281385281383,-0.08160919540229883,-0.11567157278828344,-0.06524236434321296,254,56
0.5,43,eo_local,300.0,0.1,0.6829268292682927,0.6747881355932204,-0.24189814814814814,-0.020050125313283207,-0.19595414064005368,0.01866985878027172,123,27,0.7165354330708661,0.7090548004716688,-0.1298701298701298,-0.0902298850574712,-0.10591704168217186,-0.0524734307208965,254,56
0.5,43,eo_local,1000.0,0.1,0.6991869918699187,0.6904131355932204,-0.2627314814814815,-0.05513784461152882,-0.1807582238344131,0.01698313321087297,123,27,0.6850393700787402,0.6762862285111401,-0.13455988455988455,-0.09885057471264369,-0.1070083652259809,-0.05984550173469316,254,56
0.5,43,eo_global,1.0,0.1,0.7886178861788617,0.7889300847457628,-0.3136574074074074,0.08521303258145363,-0.34729120455233864,-0.05848334762349461,123,27,0.7677165354330708,0.7673617575870415,-0.30014430014430016,-0.05114942528735633,-0.2612479220149994,-0.12443404212679665,254,56
0.5,43,eo_global,3.0,0.1,0.7886178861788617,0.7889300847457628,-0.3136574074074074,0.08521303258145363,-0.32669210745802113,-0.028506347223332007,123,27,0.7677165354330708,0.7673617575870415,-0.25432900432900435,-0.05114942528735633,-0.23205495634062306,-0.09151688688916382,254,56
0.5,43,eo_global,10.0,0.1,0.7642276422764228,0.7654925847457628,-0.2824074074074074,0.137844611528822,-0.28236479612489884,0.015357664060361098,123,27,0.7755905511811023,0.7754918388878544,-0.15259740259740256,0.09942528735632183,-0.1767494720453026,-0.038120191040095674,254,56
0.5,43,eo_global,30.0,0.1,0.7235772357723578,0.7270921610169492,-0.16203703703703703,0.24310776942355883,-0.1355082703607709,0.1357531757619148,123,27,0.7716535433070866,0.7729162787811084,-0.11994949494949497,0.1511494252873563,-0.02835454306636448,0.07561351443887099,254,56
0.5,43,eo_global,100.0,0.1,0.6585365853658537,0.6592955508474576,0.08680555555555558,0.24310776942355883,0.0859495714065377,0.1925399753645548,123,27,0.6850393700787402,0.6844783715012722,0.17586580086580084,0.18563218390804603,0.1292625477008016,0.15057653345103406,254,56
0.5,43,eo_global,300.0,0.1,0.6260162601626016,0.624073093220339,0.14583333333333326,0.04761904761904767,0.13055570465102972,0.13739931516414672,123,27,0.6338582677165354,0.6316328430459877,0.24765512265512268,0.03505747126436776,0.18859738697352302,0.1069173295579412,254,56
0.5,43,eo_global,1000.0,0.1,0.5853658536585366,0.5823622881355932,0.2094907407407407,0.22556390977443608,0.12985235658642424,0.1408166292737375,123,27,0.6062992125984252,0.6039222987649724,0.31132756132756134,0.21149425287356327,0.21617660449225118,0.18400495752542356,254,56
0.5,44,fedavg,0.0,0.3,0.8455284552845529,0.8462658898305084,-0.3337662337662338,-0.05858585858585852,-0.30651525188783224,-0.0502007812515578,123,35,0.8110236220472441,0.8115807112269595,-0.3335137085137085,-0.21896551724137936,-0.3301354417648036,-0.24811988087242542,254,56
0.5,44,dp_local,1.0,0.3,0.8048780487804879,0.8058792372881356,-0.20259740259740255,-0.004040404040404066,-0.1929542105309302,0.026301714439283752,123,35,0.7795275590551181,0.7798051262955377,-0.09163059163059167,0.03275862068965518,-0.12745283626064552,-0.007120966284546504,254,56
0.5,44,dp_local,3.0,0.3,0.7886178861788617,0.7895921610169492,-0.12272727272727268,0.014141414141414121,-0.0914792121118902,0.09387230933126478,123,35,0.7755905511811023,0.7762365791596848,0.015151515151515138,0.12528735632183907,-0.009722417275069284,0.06991739592718327,254,56
0.5,44,dp_local,10.0,0.3,0.7642276422764228,0.7648305084745763,-0.09415584415584416,0.03232323232323231,-0.02377905100100225,0.1300776007613449,123,35,0.7440944881889764,0.7442127474709861,0.06367243867243871,0.14252873563218393,0.021050838082975032,0.11619967140107501,254,56
0.5,44,dp_local,30.0,0.3,0.7560975609756098,0.7550317796610169,-0.03116883116883118,-0.004040404040404066,0.002955475151039888,0.10474147929838207,123,35,0.7322834645669292,0.7310246384906597,0.0997474747474747,0.10804597701149432,0.04078862849151088,0.12172622180586656,254,56
0.5,44,dp_local,100.0,0.3,0.7154471544715447,0.7126588983050848,-0.008116883116883189,0.12525252525252517,0.01718646757142228,0.13504081696384784,123,35,0.7440944881889764,0.7432197604418792,0.04617604617604609,0.03275862068965518,0.04190612956939954,0.059186415651233726,254,56
0.5,44,dp_local,300.0,0.3,0.5203252032520326,0.5,0.0,0.0,0.03159818355139199,0.030958727273074027,123,35,0.515748031496063,0.5,0.0,0.0,0.029888078269332374,0.020663426525291295,254,56
0.5,44,dp_local,1000.0,0.3,0.6910569105691057,0.6845868644067796,-0.05324675324675321,0.05252525252525253,-0.028619285455583454,0.0432210984041872,123,35,0.6771653543307087,0.6723763420840316,0.02705627705627711,0.04770114942528736,0.03629767090168001,0.059159387496464655,254,56
0.5,44,dp_global,1.0,0.3,0.8373983739837398,0.8384533898305084,-0.32240259740259747,-0.04040404040404044,-0.291035062816053,-0.036517728740029565,123,35,0.8149606299212598,0.8156457518773661,-0.3055555555555556,-0.14367816091954022,-0.3029256073949363,-0.21352024243197176,254,56
0.5,44,dp_global,3.0,0.3,0.8130081300813008,0.8136917372881356,-0.25389610389610395,-0.022222222222222254,-0.26045134468884784,-0.012982220605316841,123,35,0.8110236220472441,0.8113324644696829,-0.22907647907647904,-0.07701149425287357,-0.2507383280008097,-0.13849280098528094,254,56
0.5,44,dp_global,10.0,0.3,0.7967479674796748,0.7974046610169492,-0.2139610389610389,-0.004040404040404066,-0.18480152449942522,0.023733293091069307,123,35,0.7952755905511811,0.7953205486253336,-0.10173160173160173,0.08218390804597708,-0.12076857497756116,0.0020837675681038004,254,56
0.5,44,dp_global,30.0,0.3,0.7154471544715447,0.7179555084745763,0.053896103896103886,0.14141414141414144,0.10356299666787627,0.22320073686653008,123,35,0.7401574803149606,0.7411406938496865,0.1219336219336219,0.17701149425287355,0.1646034717331351,0.21407327575116664,254,56
0.5,44,dp_global,100.0,0.3,0.5528455284552846,0.5550847457627119,0.4931818181818182,0.5818181818181818,0.3805802072953227,0.46346387972095704,123,35,0.5590551181102362,0.5630857071929498,0.5281385281385281,0.5626436781609195,0.4288615474360155,0.4407249502018736,254,56
0.5,44,dp_global,300.0,0.3,0.7967479674796748,0.7954184322033898,-0.2422077922077922,-0.05858585858585852,-0.1981035129974214,0.0038033515136721707,123,35,0.7677165354330708,0.7658722770433811,-0.1316738816738816,0.04770114942528736,-0.13643225204035414,-0.008377221332005025,254,56
0.5,44,dp_global,1000.0,0.3,0.7235772357723578,0.7217955508474576,0.06590909090909092,0.2727272727272727,0.13683689794487452,0.29239532947087554,123,35,0.6850393700787402,0.6839818779867188,0.2243867243867244,0.16839080459770117,0.20976237567017436,0.19115241506996605,254,56
0.5,44,eo_local,1.0,0.3,0.8373983739837398,0.8384533898305084,-0.32240259740259747,-0.04040404040404044,-0.28859642423281534,-0.030922568782298487,123,35,0.8149606299212598,0.8156457518773661,-0.3055555555555556,-0.14367816091954022,-0.305701975112568,-0.21746162366839228,254,56
0.5,44,eo_local,3.0,0.3,0.8373983739837398,0.8384533898305084,-0.32240259740259747,-0.04040404040404044,-0.32558064853281915,-0.06645979489190412,123,35,0.8031496062992126,0.8032023831688699,-0.3995310245310245,-0.3781609195402299,-0.3529778051339697,-0.28189524107735775,254,56
0.5,44,eo_local,10.0,0.3,0.8048780487804879,0.8045550847457628,-0.32792207792207795,-0.04040404040404044,-0.33814856506326213,-0.0780354967378456,123,35,0.8110236220472441,0.809346490411469,-0.3327922077922078,-0.1459770114942529,-0.32678528592113676,-0.21703451790434747,254,56
0.5,44,eo_local,30.0,0.3,0.7886178861788617,0.784957627118644,-0.3616883116883117,-0.11313131313131308,-0.3570038087102951,-0.1401234365844478,123,35,0.7755905511811023,0.7725128778005337,-0.34253246753246747,-0.30517241379310345,-0.34596919984363667,-0.29700575553311637,254,56
0.5,44,eo_local,100.0,0.3,0.7886178861788617,0.7929025423728814,-0.3685064935064935,-0.15353535353535352,-0.38326423684631206,-0.24510482412241424,123,35,0.7440944881889764,0.7464469682864767,-0.41810966810966815,-0.5327586206896551,-0.40004277658605714,-0.5136234336955494,254,56
0.5,44,eo_local,300.0,0.3,0.6585365853658537,0.6705508474576272,-0.29545454545454547,-0.43636363636363634,-0.3064823251717755,-0.4150188666176594,123,35,0.6653543307086615,0.674083038540309,-0.29292929292929293,-0.4482758620689655,-0.292189751419066,-0.4179842029504335,254,56
0.5,44,eo_local,1000.0,0.3,0.5853658536585366,0.6015625,-0.14772727272727273,-0.23636363636363636,-0.24583744051776557,-0.3433995445434714,123,35,0.5787401574803149,0.590113572891454,-0.18181818181818182,-0.25862068965517243,-0.23009232284067652,-0.32820632923739,254,56
0.5,44,eo_global,1.0,0.3,0.8455284552845529,0.8462658898305084,-0.3337662337662338,-0.05858585858585852,-0.29136366544712056,-0.03660756035689072,123,35,0.8228346456692913,0.8232793396636257,-0.2927489177489177,-0.08563218390804606,-0.3056465473299405,-0.21289893024488638,254,56
0.5,44,eo_global,3.0,0.3,0.8292682926829268,0.829978813559322,-0.2938311688311689,-0.04040404040404044,-0.27538885271538416,-0.022421992319927697,123,35,0.8110236220472441,0.8113324644696829,-0.25198412698412703,-0.07701149425287357,-0.27551820639520314,-0.1747864415780802,254,56
0.5,44,eo_global,10.0,0.3,0.8130081300813008,0.814353813559322,-0.23116883116883113,-0.004040404040404066,-0.23666430244867864,0.003971341120624805,123,35,0.8031496062992126,0.8039471234407001,-0.20887445887445882,-0.05114942528735633,-0.23046715513002114,-0.11872471975237553,254,56
0.5,44,eo_global,30.0,0.3,0.7642276422764228,0.7681408898305084,-0.14025974025974025,0.12323232323232325,-0.1517040165877514,0.10000420348587058,123,35,0.7834645669291339,0.7863526345187116,-0.16883116883116883,0.04367816091954013,-0.15583479186641097,-0.03494709253166639,254,56
0.5,44,eo_global,100.0,0.3,0.7804878048780488,0.7784692796610169,-0.42467532467532465,-0.18787878787878787,-0.39026926354650265,-0.16287583733786537,123,35,0.8110236220472441,0.8088499968969156,-0.3988095238095238,-0.16321839080459777,-0.39627285825488134,-0.2523750166899803,254,56
0.5,44,eo_global,300.0,0.3,0.7886178861788617,0.7876059322033898,-0.3107142857142857,-0.04040404040404044,-0.31350089941391507,-0.05898007567351071,123,35,0.7834645669291339,0.7816359461304536,-0.26911976911976915,0.030459770114942608,-0.27124282454055254,-0.06583260938735291,254,56
0.5,44,eo_global,1000.0,0.3,0.7642276422764228,0.7635063559322034,-0.2194805194805195,-0.004040404040404066,-0.21835536358413943,0.00154694607657746,123,35,0.7913385826771654,0.7910072612176504,-0.16269841269841273,0.0735632183908046,-0.16664757994516544,0.02602647550500181,254,56
0.5,45,fedavg,0.0,0.1,0.8130081300813008,0.8103813559322034,-0.5748349229640499,-0.5977011494252873,-0.44792160600919534,-0.49616240854803256,123,29,0.7755905511811023,0.7737541115869174,-0.3149350649350649,-0.1114942528735633,-0.2657635297984406,-0.1446494590678391,254,56
0.5,45,dp_local,1.0,0.1,0.7560975609756098,0.7523834745762712,-0.29090242112986064,-0.3793103448275862,-0.23004997677497036,-0.2533191370017741,123,29,0.7559055118110236,0.7534289083348849,-0.11111111111111116,0.039080459770114984,-0.07306497300804349,0.02246273316753411,254,56
0.5,45,dp_local,3.0,0.1,0.7479674796747967,0.7439088983050848,-0.1210564930300807,-0.1954022988505747,-0.13398093969908953,-0.16465916513497458,123,29,0.7480314960629921,0.746043567305902,-0.022186147186147198,0.06494252873563222,0.0030619923474232147,0.07156861015948757,254,56
0.5,45,dp_local,10.0,0.1,0.7398373983739838,0.7360963983050848,-0.06529713866471021,-0.17816091954022995,-0.09479241978420838,-0.15361321447738285,123,29,0.7283464566929134,0.7262148575684231,-0.02723665223665217,0.08218390804597708,0.01738832966111392,0.0857294150017972,254,56
0.5,45,dp_local,30.0,0.1,0.7073170731707317,0.7028601694915254,0.003668378576669129,-0.16091954022988508,-0.03366954567119951,-0.10386888192559796,123,29,0.7559055118110236,0.7536771550921617,-0.009379509379509376,0.04770114942528736,0.028004694411875142,0.092264164474675,254,56
0.5,45,dp_local,100.0,0.1,0.7398373983739838,0.738082627118644,-0.1368305209097579,-0.12643678160919547,-0.09136174144354864,-0.0921716526546783,123,29,0.7283464566929134,0.7269595978402532,0.04888167388167386,0.03275862068965518,0.028195126166447593,0.07122461741961461,254,56
0.5,45,dp_local,300.0,0.1,0.5365853658536586,0.5540254237288136,-0.005502567865003666,0.04597701149425286,0.0014910777266836373,0.005221570930283137,123,29,0.5433070866141733,0.5570036616396699,0.051587301587301584,0.3137931034482759,0.04878078418891188,0.20845966353409,254,56
0.5,45,dp_local,1000.0,0.1,0.4796747967479675,0.5,0.0,0.0,-0.014912930353437374,-0.019384831538017122,123,29,0.484251968503937,0.5,0.0,0.0,0.00554486669544238,0.03982923365487105,254,56
0.5,45,dp_global,1.0,0.1,0.8048780487804879,0.8019067796610169,-0.5403521643433602,-0.5977011494252873,-0.4276163097724157,-0.46988480639558333,123,29,0.7795275590551181,0.7778191522373239,-0.3098845598845598,-0.1114942528735633,-0.24319793919555682,-0.12043412798084319,254,56
0.5,45,dp_global,3.0,0.1,0.7886178861788617,0.7862817796610169,-0.4739545121056493,-0.5632183908045978,-0.3851166328764435,-0.41477155556966516,123,29,0.7795275590551181,0.7778191522373239,-0.2182539682539683,-0.036206896551724044,-0.19698221177921627,-0.07477254455095561,254,56
0.5,45,dp_global,10.0,0.1,0.7804878048780488,0.7778072033898304,-0.3041085840058694,-0.3793103448275862,-0.24326037510020782,-0.2469883483764983,123,29,0.7559055118110236,0.7541736486067151,-0.03499278499278502,0.06494252873563222,-0.05996703450476637,0.027996044360293904,254,56
0.5,45,dp_global,30.0,0.1,0.7398373983739838,0.7367584745762712,0.04622157006603078,0.2068965517241379,0.03057775379863026,0.04751950019071327,123,29,0.7007874015748031,0.6990008068019612,0.14826839826839833,0.12528735632183907,0.14761013347718688,0.15609906220637337,254,56
0.5,45,dp_global,100.0,0.1,0.7886178861788617,0.7862817796610169,-0.24834922964049888,-0.1954022988505747,-0.24301522465334613,-0.31391973361164205,123,29,0.7716535433070866,0.7704338112083411,-0.06060606060606055,0.06494252873563222,-0.0823601348096979,0.0074267467978976764,254,56
0.5,45,dp_global,300.0,0.1,0.7642276422764228,0.7608580508474576,-0.09977989728539982,-0.1954022988505747,-0.15694900465256623,-0.2215007311268442,123,29,0.7362204724409449,0.7340966921119593,-0.0043290043290044045,0.0735632183908046,-0.009988603262561013,0.07131709629942751,254,56
0.5,45,dp_global,1000.0,0.1,0.7560975609756098,0.753707627118644,-0.06786500366837855,-0.16091954022988508,-0.14462022144397058,-0.22818246398699182,123,29,0.7165354330708661,0.7152609694035872,-0.014790764790764799,0.12528735632183907,-0.017578042412610517,0.10151987003266882,254,56
0.5,45,eo_local,1.0,0.1,0.7886178861788617,0.7856197033898304,-0.5403521643433602,-0.5804597701149425,-0.43755133413594904,-0.47986264296421977,123,29,0.7952755905511811,0.79407931483895,-0.3125901875901876,-0.1114942528735633,-0.2571751037944753,-0.12188916933808425,254,56
0.5,45,eo_local,3.0,0.1,0.7886178861788617,0.784957627118644,-0.5616287600880411,-0.5977011494252873,-0.44865232719436776,-0.48265605366885145,123,29,0.7952755905511811,0.7938310680816731,-0.29978354978354976,-0.04482758620689653,-0.2702035266816318,-0.1250347914912835,254,56
0.5,45,eo_local,10.0,0.1,0.7804878048780488,0.7784692796610169,-0.5084372707263389,-0.5459770114942528,-0.4198286481166117,-0.46460037016919975,123,29,0.7874015748031497,0.785949233538137,-0.29978354978354976,-0.1114942528735633,-0.27169245630233496,-0.11222131045631545,254,56
0.5,45,eo_local,30.0,0.1,0.7723577235772358,0.7699947033898304,-0.4739545121056493,-0.5459770114942528,-0.39904102821475995,-0.47115980102091853,123,29,0.7677165354330708,0.7661205238006579,-0.30483405483405485,-0.16954022988505746,-0.27427772720271537,-0.1218011007269566,254,56
0.5,45,eo_local,100.0,0.1,0.7642276422764228,0.761520127118644,-0.4845928099779898,-0.5459770114942528,-0.410758840282477,-0.4713200215657038,123,29,0.7677165354330708,0.7661205238006579,-0.2819264069264069,-0.16954022988505746,-0.2689913754545526,-0.13143140359155447,254,56
0.5,45,eo_local,300.0,0.1,0.4796747967479675,0.5,0.0,0.0,-0.06920397368151085,-0.06738213200293396,123,29,0.484251968503937,0.5,0.0,0.0,-0.055048693838451346,-0.06366695035463092,254,56
0.5,45,eo_local,1000.0,0.1,0.4796747967479675,0.5,0.0,0.0,-0.07056311664408277,-0.0872651801629249,123,29,0.484251968503937,0.5,0.0,0.0,-0.05525070232886674,-0.07112227853831846,254,56
0.5,45,eo_global,1.0,0.1,0.8048780487804879,0.8019067796610169,-0.5403521643433602,-0.5977011494252873,-0.44039040934314955,-0.48489624236432044,123,29,0.7795275590551181,0.7778191522373239,-0.3098845598845598,-0.1114942528735633,-0.257004252575643,-0.13395625577929116,254,56
0.5,45,eo_global,3.0,0.1,0.7967479674796748,0.7934322033898304,-0.5509904622157007,-0.5977011494252873,-0.4261894416617829,-0.46838509960196395,123,29,0.7913385826771654,0.7900142741885434,-0.2947330447330447,-0.1114942528735633,-0.24311376755879838,-0.11819008409752152,254,56
0.5,45,eo_global,10.0,0.1,0.8048780487804879,0.8019067796610169,-0.5403521643433602,-0.5977011494252873,-0.4107540257261268,-0.4517903269707471,123,29,0.7913385826771654,0.7900142741885434,-0.2947330447330447,-0.1114942528735633,-0.22854529232298915,-0.1015908943623004,254,56
0.5,45,eo_global,30.0,0.1,0.8048780487804879,0.8019067796610169,-0.5854732208363904,-0.5977011494252873,-0.47547983997778165,-0.5423820636973813,123,29,0.7952755905511811,0.7933345745671196,-0.3658008658008658,-0.21264367816091956,-0.32728965424048173,-0.19298257908473415,254,56
0.5,45,eo_global,100.0,0.1,0.7723577235772358,0.7680084745762712,-0.49266324284666174,-0.5977011494252873,-0.4226486336635269,-0.5114385414140663,123,29,0.7952755905511811,0.7925898342952895,-0.39610389610389607,-0.16321839080459777,-0.31391504916569424,-0.2259097535591359,254,56
0.5,45,eo_global,300.0,0.1,0.7154471544715447,0.710010593220339,-0.29897285399853263,-0.3793103448275862,-0.319324535367599,-0.38943211652937976,123,29,0.7480314960629921,0.743312852975858,-0.36237373737373735,-0.18045977011494263,-0.2628230171830462,-0.23717442323325266,254,56
0.5,45,eo_global,1000.0,0.1,0.7073170731707317,0.6995497881355932,-0.37344093910491566,-0.43103448275862066,-0.22031643763403197,-0.311812205646915,123,29,0.7244094488188977,0.7206603363743561,-0.3906926406926407,-0.34597701149425286,-0.221904415579467,-0.24699377964368496,254,56
0.5,46,fedavg,0.0,0.3,0.8048780487804879,0.8052171610169492,-0.31565656565656564,0.22033898305084743,-0.2911611359713329,0.16032802650401112,123,24,0.7874015748031497,0.7864457270526903,-0.21085858585858586,-0.018965517241379293,-0.2247899821277689,-0.09131900045335639,254,56
0.5,46,dp_local,1.0,0.3,0.7804878048780488,0.7811175847457628,-0.20202020202020204,0.2542372881355932,-0.1407967755110785,0.2597058228754746,123,24,0.7677165354330708,0.7663687705579346,-0.06565656565656564,0.06494252873563222,-0.046282046362447704,0.061465348891014626,254,56
0.5,46,dp_local,3.0,0.3,0.7642276422764228,0.7648305084745763,-0.09848484848484845,0.27118644067796616,-0.06417636449726277,0.2805755141712094,123,24,0.7559055118110236,0.7546701421212685,0.031024531024530955,0.08218390804597708,0.01939721574829112,0.0889287580430893,254,56
0.5,46,dp_local,10.0,0.3,0.7723577235772358,0.7746292372881356,-0.047979797979797956,0.30508474576271183,0.01189557686530407,0.3071770597888568,123,24,0.7362204724409449,0.7358344194128965,0.0892857142857143,0.13390804597701156,0.0882842846452977,0.13300397808117592,254,56
0.5,46,dp_local,30.0,0.3,0.7398373983739838,0.7427171610169492,0.07575757575757575,0.35593220338983056,0.0716127132864039,0.3974420683316381,123,24,0.7125984251968503,0.7134301495686712,0.1397907647907648,0.20287356321839078,0.15325376911804534,0.21619419750848512,254,56
0.5,46,dp_local,100.0,0.3,0.7560975609756098,0.7570180084745763,0.015151515151515138,0.288135593220339,0.03444077444048088,0.33929782107559237,123,24,0.7047244094488189,0.704555327996028,0.16810966810966815,0.17701149425287355,0.15234707426936211,0.18547124242038404,254,56
0.5,46,dp_local,300.0,0.3,0.7317073170731707,0.7315942796610169,-0.015151515151515138,0.288135593220339,0.013202364526937738,0.31308602122259444,123,24,0.7204724409448819,0.7195742568112704,0.1607142857142857,0.13390804597701156,0.15594465643577782,0.15163734368467996,254,56
0.5,46,dp_local,1000.0,0.3,0.7560975609756098,0.7583421610169492,0.0037878787878787845,0.3220338983050848,0.024337826513560645,0.3320757393042687,123,24,0.6850393700787402,0.685719605287656,0.22637085137085133,0.22873563218390802,0.18137857933950036,0.21660240926831564,254,56
0.5,46,dp_global,1.0,0.3,0.8048780487804879,0.8052171610169492,-0.31565656565656564,0.22033898305084743,-0.2720935225962844,0.18383692253600026,123,24,0.7913385826771654,0.7905107677030969,-0.20580808080808077,-0.018965517241379293,-0.19707769285677917,-0.059904321781145575,254,56
0.5,46,dp_global,3.0,0.3,0.7886178861788617,0.7895921610169492,-0.2954545454545454,0.2542372881355932,-0.24848578216293538,0.21098263981935605,123,24,0.7834645669291339,0.7823806864022839,-0.12427849927849927,0.056321839080459846,-0.16486700024747153,-0.025094443057454896,254,56
0.5,46,dp_global,10.0,0.3,0.7886178861788617,0.7902542372881356,-0.22348484848484845,0.27118644067796616,-0.18075333935617394,0.2553534820582618,123,24,0.7755905511811023,0.7749953453733011,-0.08116883116883111,0.08218390804597708,-0.08334001477164243,0.04375767725514479,254,56
0.5,46,dp_global,30.0,0.3,0.6829268292682927,0.6860434322033898,0.2411616161616162,0.423728813559322,0.1624894819546942,0.4121571544542024,123,24,0.6850393700787402,0.685719605287656,0.24927849927849932,0.22873563218390802,0.22705066526111445,0.22866340260203377,254,56
0.5,46,dp_global,100.0,0.3,0.5853658536585366,0.5889830508474576,0.4166666666666667,0.5423728813559322,0.42440521106596646,0.5403333540611222,123,24,0.5748031496062992,0.5761186619499783,0.48575036075036077,0.45057471264367815,0.4178410213475766,0.40487260700684524,254,56
0.5,46,dp_global,300.0,0.3,0.5528455284552846,0.558395127118644,0.4772727272727273,0.6271186440677966,0.5066047918537722,0.6143706506073043,123,24,0.5826771653543307,0.585489977037175,0.5692640692640691,0.49367816091954025,0.5145545753386889,0.4423542923361932,254,56
0.5,46,dp_global,1000.0,0.3,0.7073170731707317,0.7081567796610169,0.06691919191919188,0.3389830508474576,0.13649473967354375,0.4029843125941964,123,24,0.6929133858267716,0.6916154657729783,0.3059163059163059,0.22643678160919545,0.27460640917995466,0.24621500903431925,254,56
0.5,46,eo_local,1.0,0.3,0.7804878048780488,0.7811175847457628,-0.3055555555555556,0.2542372881355932,-0.2759167789191645,0.17793715036418922,123,24,0.7874015748031497,0.785949233538137,-0.1623376623376624,0.039080459770114984,-0.19577977084397774,-0.061219718667742784,254,56
0.5,46,eo_local,3.0,0.3,0.7967479674796748,0.7980667372881356,-0.28535353535353536,0.2542372881355932,-0.2607426943132216,0.18407297634827446,123,24,0.7874015748031497,0.7857009867808602,-0.17243867243867245,0.030459770114942608,-0.18312274089604075,-0.039977665932784734,254,56
0.5,46,eo_local,10.0,0.3,0.7723577235772358,0.7733050847457628,-0.2954545454545454,0.27118644067796616,-0.2785446857852741,0.1707480734924517,123,24,0.8110236220472441,0.8095947371687457,-0.23106060606060608,0.013218390804597746,-0.2093179283160319,-0.05395015211529686,254,56
0.5,46,eo_local,30.0,0.3,0.8048780487804879,0.8038930084745763,-0.3560606060606061,0.18644067796610164,-0.3017055773040435,0.15807500554217124,123,24,0.8031496062992126,0.8007199155961026,-0.22564935064935066,-0.012643678160919491,-0.20874335565171648,-0.042541934941606296,254,56
0.5,46,eo_local,100.0,0.3,0.7723577235772358,0.7666843220338984,-0.2904040404040404,0.10169491525423724,-0.23843766129699134,0.13028090340795662,123,24,0.7677165354330708,0.7628933159560602,-0.18416305916305908,-0.05574712643678159,-0.1561337350120564,-0.052296503947983464,254,56
0.5,46,eo_local,300.0,0.3,0.7642276422764228,0.7575476694915254,-0.21717171717171713,0.0847457627118644,-0.24226477343046388,0.11328758018691154,123,24,0.7480314960629921,0.7420716191894743,-0.137987012987013,-0.07298850574712645,-0.13690505621543436,-0.05942865814157261,254,56
0.5,46,eo_local,1000.0,0.3,0.7154471544715447,0.705376059322034,-0.16287878787878785,0.05084745762711862,-0.17895900603939985,0.07637297043860969,123,24,0.6968503937007874,0.6887295972196363,-0.06349206349206349,-0.0902298850574712,-0.07551872181960795,-0.04907312038857703,254,56
0.5,46,eo_global,1.0,0.3,0.8048780487804879,0.8052171610169492,-0.31565656565656564,0.22033898305084743,-0.2760605981268901,0.17799076699776084,123,24,0.7913385826771654,0.7905107677030969,-0.20580808080808077,-0.018965517241379293,-0.20599306483805785,-0.07048489705300831,254,56
0.5,46,eo_global,3.0,0.3,0.8048780487804879,0.8058792372881356,-0.2954545454545454,0.23728813559322037,-0.26169695492592493,0.18938161199626324,123,24,0.7874015748031497,0.7866939738099672,-0.2007575757575758,-0.010344827586206806,-0.19070274077222382,-0.05216952715411605,254,56
0.5,46,eo_global,10.0,0.3,0.7967479674796748,0.798728813559322,-0.26515151515151514,0.27118644067796616,-0.24760364019506725,0.19841673752624478,123,24,0.7834645669291339,0.7826289331595606,-0.20580808080808077,-0.010344827586206806,-0.17689797916884942,-0.03970801674295221,254,56
0.5,46,eo_global,30.0,0.3,0.7398373983739838,0.7453654661016949,-0.0505050505050505,0.423728813559322,-0.08252860552447877,0.2817799497995589,123,24,0.7244094488188977,0.7261217650344443,0.03769841269841273,0.14482758620689662,0.016381722737420668,0.12255507352890382,254,56
0.5,46,eo_global,100.0,0.3,0.7073170731707317,0.712791313559322,0.05303030303030304,0.4576271186440678,0.11853260589549508,0.41100498426121546,123,24,0.6850393700787402,0.6882020728604232,0.16702741702741702,0.2396551724137932,0.17794839278009067,0.28320786150456023,254,56
0.5,46,eo_global,300.0,0.3,0.7642276422764228,0.7654925847457628,0.07702020202020199,0.288135593220339,0.11464887900563725,0.3197125679652515,123,24,0.6614173228346457,0.6608328678706634,0.22168109668109665,0.21149425287356327,0.19902363947034457,0.22687796124166149,254,56
0.5,46,eo_global,1000.0,0.3,0.5365853658536586,0.5460805084745763,0.39141414141414144,0.7457627118644068,0.3798181216503636,0.6844429442615498,123,24,0.5787401574803149,0.586389871532303,0.23935786435786438,0.28965517241379307,0.2370418017224804,0.28616788344217164,254,56
0.5,47,fedavg,0.0,0.1,0.7804878048780488,0.7791313559322034,-0.41792929292929293,-0.3571428571428571,-0.38849417222478555,-0.36176179981391343,123,24,0.7952755905511811,0.7955687953826103,-0.38943001443001446,-0.285632183908046,-0.38020677399534913,-0.29413441597087975,254,56
0.5,47,dp_local,1.0,0.1,0.7804878048780488,0.7797934322033898,-0.19065656565656564,-0.1964285714285714,-0.12440589847598182,-0.06571889502395478,123,24,0.8070866141732284,0.8070191770619997,-0.15259740259740256,0.06494252873563222,-0.10950447675304337,0.024543377924068244,254,56
0.5,47,dp_local,3.0,0.1,0.7967479674796748,0.7967425847457628,-0.11868686868686867,-0.0535714285714286,-0.0361510154443106,0.014734882063099364,123,24,0.7716535433070866,0.7711785514801712,-0.030303030303030276,0.09080459770114946,-0.02189044195897938,0.07744733791627068,254,56
0.5,47,dp_local,10.0,0.1,0.7723577235772358,0.7719809322033898,0.07828282828282829,0.1071428571428571,0.06011090007130848,0.07661401480436325,123,24,0.7637795275590551,0.7632967169366349,0.038419913419913465,0.09942528735632183,0.05043412266167424,0.12400651116823325,254,56
0.5,47,dp_local,30.0,0.1,0.7479674796747967,0.7465572033898304,0.0997474747474747,0.1071428571428571,0.0761996365782589,0.06273249676451087,123,24,0.7283464566929134,0.7269595978402532,0.1176046176046176,0.10804597701149432,0.07217245346706624,0.12853171824124354,254,56
0.5,47,dp_local,100.0,0.1,0.7235772357723578,0.7244438559322034,0.015151515151515138,-0.0892857142857143,0.055668353281839944,0.052625043733444565,123,24,0.7519685039370079,0.7511015949854155,0.04617604617604609,0.09942528735632183,0.05453364254267079,0.11521891574428855,254,56
0.5,47,dp_local,300.0,0.1,0.6829268292682927,0.6867055084745763,-0.049242424242424254,0.0357142857142857,-0.041057330542029424,0.0519645342064905,123,24,0.7047244094488189,0.7053000682678583,-0.05357142857142855,0.05229885057471262,-0.03038960864051088,0.07386971585286628,254,56
0.5,47,dp_local,1000.0,0.1,0.6422764227642277,0.6483050847457628,-0.18560606060606058,0.0,-0.12442101458828353,0.07483898605823924,123,24,0.6377952755905512,0.6401663253273755,-0.04653679653679654,0.19022988505747118,-0.04413511494693917,0.1143720469287588,254,56
0.5,47,dp_global,1.0,0.1,0.7804878048780488,0.7791313559322034,-0.36616161616161613,-0.3571428571428571,-0.3632215759865387,-0.32928043504112536,123,24,0.7874015748031497,0.7874387140817973,-0.3537157287157287,-0.285632183908046,-0.3533232564098058,-0.2541781165653134,254,56
0.5,47,dp_global,3.0,0.1,0.7723577235772358,0.7713188559322034,-0.3560606060606061,-0.3392857142857143,-0.31424754477815103,-0.26857542991638184,123,24,0.7992125984251969,0.7996338360330169,-0.2927489177489177,-0.13505747126436785,-0.3018601674912515,-0.18207581116892824,254,56
0.5,47,dp_global,10.0,0.1,0.7642276422764228,0.7635063559322034,-0.2424242424242425,-0.1785714285714286,-0.16598781642522847,-0.10052118716495373,123,24,0.8188976377952756,0.8192142990132192,-0.1832611832611833,0.06494252873563222,-0.14999874136282987,-0.0087017620003772,254,56
0.5,47,dp_global,30.0,0.1,0.7154471544715447,0.7159692796610169,0.26388888888888895,0.3392857142857143,0.2148047135484339,0.23356409996215788,123,24,0.7401574803149606,0.7406442003351331,0.14754689754689748,0.23505747126436782,0.1870503668817134,0.2395149800883628,254,56
0.5,47,dp_global,100.0,0.1,0.6016260162601627,0.6059322033898304,0.7474747474747474,0.5714285714285714,0.5149738377882074,0.4774817644751498,123,24,0.5748031496062992,0.5776081424936387,0.7067099567099567,0.5775862068965517,0.4669848597644792,0.4753594598411743,254,56
0.5,47,dp_global,300.0,0.1,0.5365853658536586,0.5474046610169492,0.38005050505050497,0.6785714285714286,0.31535194134998196,0.43242766501914176,123,24,0.4448818897637795,0.45115745050580275,0.3721139971139971,0.4683908045977011,0.3442918039042929,0.3778207815724597,254,56
0.5,47,dp_global,1000.0,0.1,0.6910569105691057,0.6905455508474576,0.44065656565656564,0.3392857142857143,0.3583342748392574,0.251354481503118,123,24,0.6653543307086615,0.66489790852107,0.3183621933621934,0.21149425287356327,0.29212400033360436,0.2168575836964094,254,56
0.5,47,eo_local,1.0,0.1,0.7967479674796748,0.7960805084745763,-0.3977272727272727,-0.3571428571428571,-0.37048037635365905,-0.3468280118624014,123,24,0.7913385826771654,0.7917520014894806,-0.3614718614718615,-0.2770114942528735,-0.3651947595795091,-0.2884624208211256,254,56
0.5,47,eo_local,3.0,0.1,0.7804878048780488,0.7797934322033898,-0.3977272727272727,-0.3392857142857143,-0.3638967627739843,-0.3367511311745537,123,24,0.7913385826771654,0.791255507974927,-0.3587662337662338,-0.21896551724137936,-0.3542402406912245,-0.27115132056936697,254,56
0.5,47,eo_local,10.0,0.1,0.7560975609756098,0.753707627118644,-0.3964646464646465,-0.3571428571428571,-0.3683190169638214,-0.31532463155287715,123,24,0.7952755905511811,0.7953205486253336,-0.3537157287157287,-0.21896551724137936,-0.34534638192185296,-0.2508157729331789,254,56
0.5,47,eo_local,30.0,0.1,0.7642276422764228,0.7621822033898304,-0.38636363636363635,-0.3571428571428571,-0.35522025320148315,-0.30166795816538594,123,24,0.7992125984251969,0.7986408490039099,-0.33315295815295815,-0.16954022988505746,-0.3125933450167514,-0.21265317600959077,254,56
0.5,47,eo_local,100.0,0.1,0.7723577235772358,0.7699947033898304,-0.3964646464646465,-0.375,-0.36004184253254085,-0.32639382441993803,123,24,0.8070866141732284,0.8067709303047229,-0.3230519480519481,-0.16954022988505746,-0.3111781701672783,-0.2091242784326468,254,56
0.5,47,eo_local,300.0,0.1,0.7804878048780488,0.7797934322033898,-0.3977272727272727,-0.3392857142857143,-0.3823577108396238,-0.35789997478215285,123,24,0.8070866141732284,0.8075156705765532,-0.31565656565656564,-0.14367816091954022,-0.318048026600294,-0.2183634338474929,254,56
0.5,47,eo_local,1000.0,0.1,0.7804878048780488,0.7804555084745763,-0.3775252525252525,-0.3214285714285714,-0.35172948827367334,-0.33304257381574387,123,24,0.7952755905511811,0.7953205486253336,-0.284992784992785,-0.14367816091954022,-0.2921837790813048,-0.18097656552476438,254,56
0.5,47,eo_global,1.0,0.1,0.7804878048780488,0.7791313559322034,-0.36616161616161613,-0.3571428571428571,-0.36310332644253973,-0.32730126188003594,123,24,0.7874015748031497,0.7874387140817973,-0.3537157287157287,-0.285632183908046,-0.351465779094535,-0.25131344035396286,254,56
0.5,47,eo_global,3.0,0.1,0.7804878048780488,0.7791313559322034,-0.36616161616161613,-0.3571428571428571,-0.33014577977692083,-0.2851615637939956,123,24,0.7952755905511811,0.7953205486253336,-0.3308080808080808,-0.21896551724137936,-0.3171307066286908,-0.20528445485122926,254,56
0.5,47,eo_global,10.0,0.1,0.7723577235772358,0.7713188559322034,-0.3560606060606061,-0.3392857142857143,-0.2926120727350629,-0.23570259507479407,123,24,0.8110236220472441,0.8118289579842364,-0.3005050505050505,-0.21034482758620687,-0.27942130708061413,-0.16783786581550864,254,56
0.5,47,eo_global,30.0,0.1,0.7967479674796748,0.7993908898305084,-0.19318181818181818,-0.125,-0.16705301058575073,-0.05362387520394152,123,24,0.7637795275590551,0.7647861974802954,-0.1529581529581529,0.07586206896551728,-0.1338538877374706,-0.005678096805410093,254,56
0.5,47,eo_global,100.0,0.1,0.7804878048780488,0.7817796610169492,-0.13005050505050508,0.0,-0.022599143549950462,0.02486773028171485,123,24,0.7244094488188977,0.7251287780053373,-0.002705627705627711,0.1103448275862069,0.022517228738269113,0.09253957423584902,254,56
0.5,47,eo_global,300.0,0.1,0.7154471544715447,0.7166313559322034,-0.07828282828282829,-0.0714285714285714,0.05627853310469422,0.04255404842219179,123,24,0.6968503937007874,0.6959287531806615,0.04617604617604609,0.08448275862068966,0.09827179700125432,0.15796415153462662,254,56
0.5,47,eo_global,1000.0,0.1,0.6666666666666666,0.6664459745762712,0.0883838383838384,-0.0535714285714286,0.08672251023653177,0.03808796864801223,123,24,0.6417322834645669,0.6392664308322473,0.2833694083694084,0.2436781609195402,0.1950016297150704,0.1756577126323191,254,56
0.5,48,fedavg,0.0,0.01,0.8048780487804879,0.8058792372881356,-0.4616326530612245,-0.1202185792349727,-0.4058000532461672,-0.1891329593020058,123,25,0.7874015748031497,0.7864457270526903,-0.27958152958152954,-0.16954022988505746,-0.2566646328165692,-0.20374568718774566,254,56
0.5,48,dp_local,1.0,0.01,0.7642276422764228,0.7641684322033898,-0.24122448979591832,0.24590163934426235,-0.21575303882056351,0.06471608375590998,123,25,0.7401574803149606,0.7386582262769192,-0.024891774891774854,0.09080459770114946,-0.0439693778531538,0.0029229843154036095,254,56
0.5,48,dp_local,3.0,0.01,0.7723577235772358,0.7726430084745763,-0.2812244897959183,0.24590163934426235,-0.2013411947370184,0.049517157624979435,123,25,0.7480314960629921,0.747036554335009,-0.07341269841269843,0.09942528735632183,-0.015492674878504142,0.019911482073794784,254,56
0.5,48,dp_local,10.0,0.01,0.7560975609756098,0.7556938559322034,-0.2514285714285714,0.24590163934426235,-0.14129684577943113,0.0993171769087432,123,25,0.7086614173228346,0.7073791348600509,0.07683982683982682,0.13390804597701156,0.05176090605255934,0.0910334370944692,254,56
0.5,48,dp_local,30.0,0.01,0.7479674796747967,0.7465572033898304,-0.23183673469387756,0.2295081967213115,-0.12441071356285588,0.10255707906243583,123,25,0.7086614173228346,0.7076273816173276,0.08694083694083687,0.21781609195402296,0.062406058243138496,0.09966095653416096,254,56
0.5,48,dp_local,100.0,0.01,0.7723577235772358,0.7706567796610169,-0.24204081632653063,0.19672131147540983,-0.08423589538250653,0.08531235313154961,123,25,0.6929133858267716,0.6916154657729783,0.05393217893217894,0.1511494252873563,0.0728198496186716,0.093708241987845,254,56
0.5,48,dp_local,300.0,0.01,0.6829268292682927,0.6780985169491525,-0.233469387755102,-0.13661202185792354,-0.05011992606277371,0.06189140693737505,123,25,0.6299212598425197,0.6270713088810278,0.039141414141414144,0.16839080459770117,0.07329664165409433,0.08255342075536998,254,56
0.5,48,dp_local,1000.0,0.01,0.6422764227642277,0.6297669491525424,-0.01632653061224487,0.06557377049180324,-0.012456798115555112,0.04936867675494627,123,25,0.6062992125984252,0.5959784025321169,0.10263347763347763,0.08620689655172409,0.0491530555387768,0.0529760183787894,254,56
0.5,48,dp_global,1.0,0.01,0.8048780487804879,0.8058792372881356,-0.4616326530612245,-0.1202185792349727,-0.3844210978407337,-0.15383943296521085,123,25,0.7834645669291339,0.7823806864022839,-0.2617243867243867,-0.16954022988505746,-0.22871024127761347,-0.1729627830029904,254,56
0.5,48,dp_global,3.0,0.01,0.7886178861788617,0.7889300847457628,-0.38163265306122446,-0.1202185792349727,-0.3429724598934456,-0.09267532841755388,123,25,0.7716535433070866,0.7701855644510645,-0.1623376623376624,-0.09425287356321843,-0.17578689843680967,-0.11854581408973397,254,56
0.5,48,dp_global,10.0,0.01,0.7886178861788617,0.7882680084745763,-0.30163265306122444,0.21311475409836067,-0.2496909076978966,0.023863530061284055,123,25,0.7519685039370079,0.7503568547135853,-0.052849927849927814,0.0735632183908046,-0.06606819647569934,-0.01908341786642176,254,56
0.5,48,dp_global,30.0,0.01,0.7642276422764228,0.7641684322033898,-0.24122448979591832,0.24590163934426235,-0.1676281935599993,0.10316110276133639,123,25,0.7440944881889764,0.7427232669273258,0.025974025974025983,0.09080459770114946,0.01798401929741844,0.05240769537872281,254,56
0.5,48,dp_global,100.0,0.01,0.7560975609756098,0.7563559322033898,-0.1306122448979592,0.2622950819672131,-0.09106869098179199,0.15548870545593108,123,25,0.7244094488188977,0.7233910507044001,0.064033189033189,0.12528735632183907,0.07497983059105384,0.0981753715367496,254,56
0.5,48,dp_global,300.0,0.01,0.7398373983739838,0.7413930084745763,-0.24040816326530612,-0.03825136612021862,-0.16422139775844258,0.06393763878957814,123,25,0.7480314960629921,0.7485260348786694,0.05591630591630592,0.1511494252873563,0.019690991439796135,0.08270160224417156,254,56
0.5,48,dp_global,1000.0,0.01,0.7560975609756098,0.7563559322033898,-0.2812244897959183,0.2622950819672131,-0.18230021380496264,0.04775563664123661,123,25,0.7559055118110236,0.7554148823930987,-0.05321067821067821,0.10804597701149432,-0.014595537445095341,0.07239203632049185,254,56
0.5,48,eo_local,1.0,0.01,0.8130081300813008,0.8123675847457628,-0.46244897959183673,-0.1693989071038252,-0.38445625526184335,-0.19392747615204486,123,25,0.7755905511811023,0.7737541115869174,-0.24621212121212122,-0.036206896551724044,-0.19411919854848791,-0.12372306882478723,254,56
0.5,48,eo_local,3.0,0.01,0.8048780487804879,0.8038930084745763,-0.42244897959183675,-0.1693989071038252,-0.33370748705857867,-0.12258984026361686,123,25,0.7795275590551181,0.7770744119654938,-0.17983405483405485,0.013218390804597746,-0.13182580728261245,-0.07401822576748907,254,56
0.5,48,eo_local,10.0,0.01,0.8211382113821138,0.8181938559322034,-0.4836734693877551,-0.23497267759562845,-0.3316765161907795,-0.16935861876102098,123,25,0.7677165354330708,0.7646310432569974,-0.15927128427128429,-0.07068965517241377,-0.11608033827512726,-0.05459011419751181,254,56
0.5,48,eo_local,30.0,0.01,0.7967479674796748,0.7934322033898304,-0.4436734693877551,-0.21857923497267762,-0.3170941230274585,-0.16867863000090655,123,25,0.7637795275590551,0.7603177558493142,-0.17442279942279942,-0.07931034482758614,-0.1103362370635857,-0.06475448147233187,254,56
0.5,48,eo_local,100.0,0.01,0.8048780487804879,0.800582627118644,-0.4742857142857143,-0.2513661202185793,-0.29011399269104005,-0.1560220444788698,123,25,0.7165354330708661,0.7120337615589896,-0.19191919191919193,-0.06206896551724128,-0.09580077576715751,-0.06266262309475878,254,56
0.5,48,eo_local,300.0,0.01,0.7723577235772358,0.7653601694915254,-0.3048979591836735,0.06557377049180324,-0.2086985271500082,-0.0916697319413795,123,25,0.6811023622047244,0.6739589151616707,-0.06890331890331891,-0.11379310344827587,-0.05332557146919936,-0.032946197551557366,254,56
0.5,48,eo_local,1000.0,0.01,0.7317073170731707,0.721001059322034,-0.36693877551020415,0.016393442622950838,-0.210844964293801,-0.07809754684974579,123,25,0.6653543307086615,0.6567057655309377,-0.06078643578643583,-0.07298850574712645,-0.05470731291344766,-0.03594546158765921,254,56
0.5,48,eo_global,1.0,0.01,0.8048780487804879,0.8058792372881356,-0.4616326530612245,-0.1202185792349727,-0.3861105111583459,-0.15247646169584306,123,25,0.7913385826771654,0.7902625209458202,-0.23881673881673876,-0.1028735632183908,-0.22625136545296182,-0.1654650550464104,254,56
0.5,48,eo_global,3.0,0.01,0.8130081300813008,0.8136917372881356,-0.42163265306122444,-0.13661202185792354,-0.3632567185733695,-0.11412533319712992,123,25,0.7834645669291339,0.7821324396450071,-0.18019480519480524,-0.027586206896551668,-0.19267673934033758,-0.1262377235438975,254,56
0.5,48,eo_global,10.0,0.01,0.8048780487804879,0.8052171610169492,-0.38163265306122446,-0.13661202185792354,-0.32247734789261406,-0.056349481226968035,123,25,0.7677165354330708,0.7663687705579346,-0.08856421356421357,0.06494252873563222,-0.13879831713956242,-0.06968217398757215,254,56
0.5,48,eo_global,30.0,0.01,0.7804878048780488,0.7811175847457628,-0.32122448979591833,-0.10382513661202186,-0.283610435471851,-0.0084944237939647,123,25,0.7559055118110236,0.7546701421212685,-0.06060606060606055,0.08218390804597708,-0.09482574075242717,-0.02508900266397618,254,56
0.5,48,eo_global,100.0,0.01,0.7804878048780488,0.7811175847457628,-0.32122448979591833,-0.10382513661202186,-0.2615732066576578,0.013025710084399234,123,25,0.7519685039370079,0.750605101470862,-0.04274891774891765,0.08218390804597708,-0.07177792817507406,0.001990234624894227,254,56
0.5,48,eo_global,300.0,0.01,0.7723577235772358,0.7739671610169492,-0.2906122448979592,-0.0710382513661203,-0.2501741485769043,0.009875320508831886,123,25,0.7677165354330708,0.7676100043443183,-0.03805916305916307,0.10804597701149432,-0.05983154548729891,0.03771381322508571,254,56
0.5,48,eo_global,1000.0,0.01,0.7560975609756098,0.7543697033898304,-0.19183673469387752,0.21311475409836067,-0.1049531878014,0.06673135050658963,123,25,0.7086614173228346,0.7068826413454974,0.03373015873015872,0.1166666666666667,0.011719077852424209,0.03288875201652797,254,56
0.5,49,fedavg,0.0,0.01,0.8617886178861789,0.8625529661016949,-0.42929292929292934,-0.047457627118643986,-0.35199257662576255,-0.16364780583624117,123,33,0.7834645669291339,0.7831254266741141,-0.23142135642135642,-0.0683908045977012,-0.2252635316228465,-0.12625883754728162,254,56
0.5,49,dp_local,1.0,0.01,0.8211382113821138,0.8215042372881356,-0.2747474747474747,-0.013559322033898313,-0.20226682032449073,0.03545861875606804,123,33,0.7598425196850394,0.7589834295289517,-0.06836219336219335,0.09080459770114946,-0.06651087949108891,0.007809637842335904,254,56
0.5,49,dp_local,3.0,0.01,0.8130081300813008,0.8130296610169492,-0.2444444444444444,-0.013559322033898313,-0.14653549606751914,0.08172690125845239,123,33,0.7362204724409449,0.7350896791410662,0.013167388167388161,0.10804597701149432,-0.008900161923956262,0.05239476941354648,254,56
0.5,49,dp_local,10.0,0.01,0.8130081300813008,0.8117055084745763,-0.16464646464646465,0.1694915254237288,-0.12012321933953451,0.10821708471088087,123,33,0.7086614173228346,0.7063861478309439,0.03643578643578638,0.09942528735632183,0.01829824801722557,0.06752311538519529,254,56
0.5,49,dp_local,30.0,0.01,0.7886178861788617,0.7856197033898304,-0.22020202020202023,0.15254237288135597,-0.13210714575317167,0.09276234906608771,123,33,0.7362204724409449,0.7338484453546825,-0.06024531024531021,0.06494252873563222,0.018477244803905002,0.07767405961265517,254,56
0.5,49,dp_local,100.0,0.01,0.7642276422764228,0.761520127118644,-0.20909090909090905,0.18644067796610164,-0.12996296477739255,0.08819631307812059,123,33,0.7362204724409449,0.734344938869236,0.005772005772005762,0.08218390804597708,0.02032903552560661,0.06700958556913095,254,56
0.5,49,dp_local,300.0,0.01,0.8373983739837398,0.8358050847457628,-0.2585858585858586,0.13559322033898302,-0.1290974657004229,0.08283022066294143,123,33,0.7244094488188977,0.72264631043257,0.010822510822510845,0.09942528735632183,0.020982659161144612,0.0521274820312686,254,56
0.5,49,dp_local,1000.0,0.01,0.8130081300813008,0.8110434322033898,-0.2282828282828283,0.15254237288135597,-0.10468706308741765,0.04905736461534338,123,33,0.7322834645669292,0.7310246384906597,-0.014790764790764799,0.10804597701149432,0.02724909426007438,0.05118917867370032,254,56
0.5,49,dp_global,1.0,0.01,0.8617886178861789,0.8625529661016949,-0.42929292929292934,-0.047457627118643986,-0.32650830351719357,-0.13091383546085678,123,33,0.7716535433070866,0.7711785514801712,-0.1677489177489177,0.015517241379310431,-0.1972838930102283,-0.09557121762170873,254,56
0.5,49,dp_global,3.0,0.01,0.8373983739837398,0.8371292372881356,-0.33838383838383845,-0.047457627118643986,-0.28213381386465497,-0.07783872853901419,123,33,0.7755905511811023,0.7752435921305778,-0.1397907647907648,0.09080459770114946,-0.15018058984444987,-0.04755544282239055,254,56
0.5,49,dp_global,10.0,0.01,0.8211382113821138,0.8215042372881356,-0.2747474747474747,-0.013559322033898313,-0.18797823514676454,0.01854641725451256,123,33,0.7677165354330708,0.7676100043443183,-0.060966810966811,0.10804597701149432,-0.057803537980162856,0.03442105420961461,254,56
0.5,49,dp_global,30.0,0.01,0.8048780487804879,0.8038930084745763,-0.15353535353535347,0.18644067796610164,-0.11339696647994446,0.0835821858402026,123,33,0.7480314960629921,0.7480295413641159,0.012806637806637822,0.13390804597701156,0.011188062610747118,0.08793115322103451,254,56
0.5,49,dp_global,100.0,0.01,0.7723577235772358,0.7713188559322034,-0.07070707070707072,0.22033898305084743,-0.03608014437586371,0.14354263246059418,123,33,0.7519685039370079,0.7511015949854155,0.04617604617604609,0.09942528735632183,0.07958271733685407,0.13275224145116482,254,56
0.5,49,dp_global,300.0,0.01,0.7886178861788617,0.7862817796610169,-0.15656565656565663,0.1694915254237288,-0.13172277435660368,0.0632770979808549,123,33,0.7559055118110236,0.7554148823930987,-0.030303030303030276,0.10804597701149432,0.0049696537070674784,0.08290049426857082,254,56
0.5,49,dp_global,1000.0,0.01,0.8130081300813008,0.8090572033898304,-0.29494949494949496,0.10169491525423724,-0.15475219294729853,0.05574099436654889,123,33,0.7519685039370079,0.7508533482281388,-0.03264790764790759,0.09080459770114946,0.0009533446295587611,0.06179265406453749,254,56
0.5,49,eo_local,1.0,0.01,0.8211382113821138,0.8208421610169492,-0.33838383838383845,-0.03050847457627115,-0.262184517424215,-0.010270983889951513,123,33,0.7755905511811023,0.7740023583441942,-0.12157287157287155,0.04770114942528736,-0.1229873253623881,-0.03386361662769455,254,56
0.5,49,eo_local,3.0,0.01,0.8455284552845529,0.845603813559322,-0.32727272727272727,-0.047457627118643986,-0.2234993386336348,0.028006759260670644,123,33,0.7716535433070866,0.7699373176937876,-0.1037157287157287,0.04770114942528736,-0.08502716513170522,-0.0036655135666844307,254,56
0.5,49,eo_local,10.0,0.01,0.8048780487804879,0.8052171610169492,-0.2747474747474747,0.003389830508474634,-0.1823006127631725,0.06646365755695416,123,33,0.7401574803149606,0.7391547197914727,-0.07341269841269843,0.10804597701149432,-0.05485239719990831,0.028777783689485248,254,56
0.5,49,eo_local,30.0,0.01,0.7804878048780488,0.7784692796610169,-0.2282828282828283,0.18644067796610164,-0.15606260777573389,0.07348018329022299,123,33,0.7519685039370079,0.750605101470862,-0.06565656565656564,0.08218390804597708,-0.04024974311316254,0.01748147227469532,254,56
0.5,49,eo_local,100.0,0.01,0.7479674796747967,0.7425847457627119,-0.09090909090909083,0.13559322033898302,-0.11452815292610063,0.06778215836670431,123,33,0.7086614173228346,0.7051449140445603,-0.01406926406926412,-0.018965517241379293,-0.01076744090158277,0.00857785908912101,254,56
0.5,49,eo_local,300.0,0.01,0.7317073170731707,0.7236493644067796,-0.17979797979797973,0.0847457627118644,-0.08534462405274612,0.06615908625772438,123,33,0.65748031496063,0.6510581518028921,0.09884559884559885,0.013218390804597746,0.02400144247921432,0.015464019715443422,254,56
0.5,49,eo_local,1000.0,0.01,0.7317073170731707,0.7249735169491525,-0.09393939393939388,0.11864406779661019,-0.05650394775650719,0.07056733880002619,123,33,0.6692913385826772,0.6627567802395581,0.07088744588744589,-0.004022988505747116,0.04240733563555954,0.03172103615327815,254,56
0.5,49,eo_global,1.0,0.01,0.8617886178861789,0.8625529661016949,-0.42929292929292934,-0.047457627118643986,-0.3291831048487714,-0.13230234879558367,123,33,0.7677165354330708,0.7673617575870415,-0.20851370851370848,-0.05114942528735633,-0.20191139825666793,-0.10100816729339379,254,56
0.5,49,eo_global,3.0,0.01,0.8536585365853658,0.8540783898305084,-0.398989898989899,-0.047457627118643986,-0.30148210125890645,-0.09314177005977953,123,33,0.7834645669291339,0.7826289331595606,-0.1370851370851371,0.06494252873563222,-0.17501617625455168,-0.07541570788484886,254,56
0.5,49,eo_global,10.0,0.01,0.8211382113821138,0.8215042372881356,-0.3161616161616162,-0.013559322033898313,-0.25429518152065944,-0.03298322649325358,123,33,0.7834645669291339,0.7831254266741141,-0.11688311688311687,0.08218390804597708,-0.12903955383602572,-0.03388113084452593,254,56
0.5,49,eo_global,30.0,0.01,0.8130081300813008,0.8136917372881356,-0.2636363636363636,0.003389830508474634,-0.22411147563370187,0.0037691915439347357,123,33,0.7677165354330708,0.7676100043443183,-0.08387445887445882,0.10804597701149432,-0.0979559162193519,-0.0064620615464860975,254,56
0.5,49,eo_global,100.0,0.01,0.8211382113821138,0.8208421610169492,-0.33838383838383845,-0.03050847457627115,-0.24550957034784138,-0.024001597853030243,123,33,0.7874015748031497,0.7866939738099672,-0.132034632034632,0.06494252873563222,-0.11541865380349181,-0.015562389114464836,254,56
0.5,49,eo_global,300.0,0.01,0.8373983739837398,0.8371292372881356,-0.42121212121212115,-0.047457627118643986,-0.2636923444353872,-0.04925691351547079,123,33,0.7834645669291339,0.7821324396450071,-0.18019480519480524,0.04770114942528736,-0.11627319615003667,-0.03574466832924161,254,56
0.5,49,eo_global,1000.0,0.01,0.8211382113821138,0.8201800847457628,-0.27777777777777785,0.1694915254237288,-0.1627264620679798,0.004361919477834486,123,33,0.7874015748031497,0.7861974802954137,-0.2209595959595959,-0.1028735632183908,-0.07904104836161469,-0.059901436058611646,254,56
0.5,50,fedavg,0.0,0.01,0.7723577235772358,0.7713188559322034,-0.4172932330827067,-0.1964285714285714,-0.37783259879517606,-0.20591583076332298,123,28,0.7834645669291339,0.7838701669459442,-0.40728715728715725,-0.3436781609195402,-0.33573830499724333,-0.2547789972810738,254,56
0.5,50,dp_local,1.0,0.01,0.7804878048780488,0.7804555084745763,-0.24699248120300749,0.1071428571428571,-0.11565652040666652,0.05204630576606306,123,28,0.7519685039370079,0.7511015949854155,-0.045454545454545414,0.09942528735632183,-0.05862184088881445,0.04689315408468242,254,56
0.5,50,dp_local,3.0,0.01,0.7398373983739838,0.7394067796610169,-0.0725563909774436,0.1428571428571429,-0.015198397877297043,0.10549985510962345,123,28,0.7244094488188977,0.723639297461677,0.005411255411255422,0.13390804597701156,0.03519005235956518,0.1001604649869875,254,56
0.5,50,dp_local,10.0,0.01,0.7073170731707317,0.706832627118644,0.11240601503759395,0.1785714285714286,0.05692278278389373,0.14761916122266228,123,28,0.7283464566929134,0.7277043381120833,0.10209235209235201,0.20919540229885059,0.09019877649521157,0.13828833308713184,254,56
0.5,50,dp_local,30.0,0.01,0.7398373983739838,0.7367584745762712,0.1669172932330827,0.2142857142857143,0.0785473651735854,0.16388347053102081,123,28,0.7440944881889764,0.7437162539564327,0.0892857142857143,0.12528735632183907,0.09003319798244369,0.12800111726954067,254,56
0.5,50,dp_local,100.0,0.01,0.7317073170731707,0.7282838983050848,0.20263157894736838,0.2142857142857143,0.0811799109766358,0.16590641199478084,123,28,0.7440944881889764,0.7429715136846025,0.17352092352092352,0.17471264367816097,0.08110759327723005,0.11081388465974529,254,56
0.5,50,dp_local,300.0,0.01,0.7479674796747967,0.7452330508474576,0.1774436090225564,0.2142857142857143,0.06527240080828955,0.13686441789780346,123,28,0.7125984251968503,0.7114441755104575,0.1964285714285714,0.13390804597701156,0.06852622354110172,0.08362409996575315,254,56
0.5,50,dp_local,1000.0,0.01,0.7073170731707317,0.702198093220339,0.19624060150375944,0.1964285714285714,0.050519875627487165,0.09570724011531895,123,28,0.7007874015748031,0.6977595730155775,0.14357864357864358,0.006896551724137945,0.0610160376597062,0.03740875252533238,254,56
0.5,50,dp_global,1.0,0.01,0.7723577235772358,0.7719809322033898,-0.3962406015037594,-0.1785714285714286,-0.35121816374620607,-0.1725450875237584,123,28,0.7795275590551181,0.7800533730528145,-0.3564213564213564,-0.2597701149425288,-0.30415558981074864,-0.2136888840674669,254,56
0.5,50,dp_global,3.0,0.01,0.7804878048780488,0.7804555084745763,-0.3857142857142857,-0.1785714285714286,-0.30317981951884027,-0.11745449049132206,123,28,0.7755905511811023,0.7762365791596848,-0.2368326118326119,-0.025287356321839094,-0.24812280299139655,-0.14435298131543328,254,56
0.5,50,dp_global,10.0,0.01,0.7560975609756098,0.7563559322033898,-0.32894736842105265,-0.1428571428571429,-0.18534804643867042,-0.0072716052777000995,123,28,0.7716535433070866,0.7719232917520016,-0.1145382395382396,0.1166666666666667,-0.12300451361126719,-0.012905236802481346,254,56
0.5,50,dp_global,30.0,0.01,0.7317073170731707,0.7309322033898304,-0.12932330827067667,0.1428571428571429,-0.05050891626458193,0.08752591069787741,123,28,0.7440944881889764,0.7437162539564327,-0.0023448773448773164,0.12528735632183907,0.00786938450418806,0.08877153353787015,254,56
0.5,50,dp_global,100.0,0.01,0.7317073170731707,0.730270127118644,-0.10413533834586464,0.125,-0.019507705902022554,0.11201593226620132,123,28,0.7401574803149606,0.7396512133060262,0.015512265512265477,0.12528735632183907,0.037101462179684686,0.10878597379758437,254,56
0.5,50,dp_global,300.0,0.01,0.7723577235772358,0.7726430084745763,-0.09774436090225563,0.125,-0.0318908683647563,0.06362889574042385,123,28,0.7637795275590551,0.7637932104511885,0.012806637806637822,0.1166666666666667,0.022370124836472383,0.07042844378999591,254,56
0.5,50,dp_global,1000.0,0.01,0.7642276422764228,0.7601959745762712,-0.0033834586466165995,0.1607142857142857,-0.039992615059578296,0.026956872748477134,123,28,0.7519685039370079,0.7488673741699249,0.023989898989899006,0.02183908045977012,0.023687032826814725,0.030008328337779,254,56
0.5,50,eo_local,1.0,0.01,0.7804878048780488,0.7797934322033898,-0.4067669172932331,-0.1964285714285714,-0.36599457170893046,-0.22161749194908353,123,28,0.7716535433070866,0.7721715385092782,-0.3793290043290044,-0.3264367816091954,-0.3294518811248235,-0.2693414154012913,254,56
0.5,50,eo_local,3.0,0.01,0.7886178861788617,0.7889300847457628,-0.4214285714285714,-0.1785714285714286,-0.35965037050506427,-0.2204182785603085,123,28,0.7952755905511811,0.7953205486253336,-0.37662337662337664,-0.2942528735632184,-0.3258981886738525,-0.26451636860789407,254,56
0.5,50,eo_local,10.0,0.01,0.7967479674796748,0.7967425847457628,-0.4319548872180451,-0.1964285714285714,-0.3469882473908671,-0.1980963060632348,123,28,0.7913385826771654,0.7915037547322038,-0.3486652236652236,-0.285632183908046,-0.3084863755584002,-0.23471780611180715,254,56
0.5,50,eo_local,30.0,0.01,0.8048780487804879,0.8045550847457628,-0.4424812030075188,-0.2142857142857143,-0.3302898496550664,-0.1766133215611002,123,28,0.7952755905511811,0.7950723018680568,-0.2950937950937951,-0.22758620689655173,-0.2855749943670637,-0.20352271717341464,254,56
0.5,50,eo_local,100.0,0.01,0.7886178861788617,0.7882680084745763,-0.3962406015037594,-0.1964285714285714,-0.3060547866265086,-0.15000341925770044,123,28,0.7834645669291339,0.7826289331595606,-0.29743867243867245,-0.16091954022988508,-0.26152617010581247,-0.16839839873899676,254,56
0.5,50,eo_local,300.0,0.01,0.7967479674796748,0.7960805084745763,-0.4067669172932331,-0.2142857142857143,-0.3005831613357676,-0.1454248355834612,123,28,0.7874015748031497,0.7864457270526903,-0.30248917748917753,-0.16954022988505746,-0.25697819748364215,-0.16405126999892372,254,56
0.5,50,eo_local,1000.0,0.01,0.7967479674796748,0.7960805084745763,-0.4067669172932331,-0.2142857142857143,-0.29989713484568425,-0.14715023711323738,123,28,0.7795275590551181,0.778563892509154,-0.30248917748917753,-0.16091954022988508,-0.2558433751188101,-0.1621163402373592,254,56
0.5,50,eo_global,1.0,0.01,0.7886178861788617,0.7882680084745763,-0.3962406015037594,-0.1964285714285714,-0.35106864352176603,-0.17549562028476173,123,28,0.7755905511811023,0.7762365791596848,-0.3742784992784993,-0.3264367816091954,-0.3073568118240249,-0.22223641650815462,254,56
0.5,50,eo_global,3.0,0.01,0.7967479674796748,0.7960805084745763,-0.4067669172932331,-0.2142857142857143,-0.32931355863575,-0.16285153305424116,123,28,0.7755905511811023,0.7764848259169614,-0.31836219336219335,-0.2425287356321839,-0.281437441390127,-0.1975036913967937,254,56
0.5,50,eo_global,10.0,0.01,0.7723577235772358,0.7726430084745763,-0.32894736842105265,-0.1607142857142857,-0.28986550209732187,-0.13889362609812195,123,28,0.7677165354330708,0.7683547446161485,-0.2597402597402597,-0.2425287356321839,-0.23458908309553272,-0.14612487086426762,254,56
0.5,50,eo_global,30.0,0.01,0.7642276422764228,0.7648305084745763,-0.31842105263157894,-0.1428571428571429,-0.2337703511288698,-0.09098886898053549,123,28,0.7795275590551181,0.780549866567368,-0.17586580086580084,-0.01666666666666672,-0.17676319845939997,-0.08272499367808817,254,56
0.5,50,eo_global,100.0,0.01,0.7886178861788617,0.7902542372881356,-0.2868421052631579,-0.1428571428571429,-0.17959200042699064,-0.040369694121181965,123,28,0.7519685039370079,0.7540805560727364,-0.17622655122655123,-0.09827586206896555,-0.1284059181841007,-0.036397228227264655,254,56
0.5,50,eo_global,300.0,0.01,0.7886178861788617,0.7882680084745763,-0.30375939849624056,-0.1964285714285714,-0.18853383649392685,-0.06824252049305612,123,28,0.7952755905511811,0.7950723018680568,-0.2034632034632034,-0.0017241379310344307,-0.14745412999125734,-0.0444817945446776,254,56
0.5,50,eo_global,1000.0,0.01,0.7723577235772358,0.7726430084745763,-0.23646616541353377,-0.017857142857142905,-0.14412757172564367,-0.027357862730111426,123,28,0.7559055118110236,0.7549183888785453,-0.11922799422799418,0.09080459770114946,-0.0847356699818334,0.006425467244852601,254,56
0.5,51,fedavg,0.0,0.3,0.8130081300813008,0.8117055084745763,-0.41666666666666663,0.015037593984962405,-0.4377667295040312,-0.0453352091978666,123,36,0.7834645669291339,0.7823806864022839,-0.33044733044733043,-0.16954022988505746,-0.3449685544282499,-0.2540627112509094,254,56
0.5,51,dp_local,1.0,0.3,0.8211382113821138,0.8201800847457628,-0.36590038314176243,0.17543859649122806,-0.3214753035101442,0.14511706852669226,123,36,0.7637795275590551,0.7623037299075281,-0.11652236652236647,-0.010344827586206806,-0.13081051468764604,-0.03275540203509064,254,56
0.5,51,dp_local,3.0,0.3,0.7886178861788617,0.7876059322033898,-0.2480842911877395,0.21052631578947367,-0.24758451032720796,0.1730003099827876,123,36,0.7598425196850394,0.7582386892571216,-0.029942279942279937,0.06494252873563222,-0.06027114177096682,0.005306563381341167,254,56
0.5,51,dp_local,10.0,0.3,0.7642276422764228,0.7621822033898304,-0.1647509578544062,0.21052631578947367,-0.17661163652243483,0.19338490172314982,123,36,0.7559055118110236,0.7539254018494383,-0.022186147186147198,0.056321839080459846,-0.008235494515441588,0.05068203111757241,254,56
0.5,51,dp_local,30.0,0.3,0.7642276422764228,0.7635063559322034,-0.11877394636015326,0.24561403508771928,-0.10203810225546861,0.25195507477807877,123,36,0.7401574803149606,0.7403959535778564,0.022907647907647932,0.1511494252873563,0.056950964794271974,0.14598814159867235,254,56
0.5,51,dp_local,100.0,0.3,0.7398373983739838,0.7374205508474576,-0.0977011494252874,0.22807017543859653,-0.13543913504127741,0.20600979907944672,123,36,0.7283464566929134,0.7252218705393161,0.023989898989899006,0.04770114942528736,0.03631259270851306,0.055661657802230646,254,56
0.5,51,dp_local,300.0,0.3,0.6910569105691057,0.686573093220339,-0.12739463601532564,0.22807017543859653,-0.1133503837897315,0.21155008787801055,123,36,0.6653543307086615,0.6621671941910259,0.04689754689754699,-0.03390804597701158,0.022943525366392548,-0.04428905231854996,254,56
0.5,51,dp_local,1000.0,0.3,0.5528455284552846,0.5497881355932204,-0.1877394636015326,-0.22055137844611533,-0.19067476476618989,-0.17995600566524234,123,36,0.6023622047244095,0.5996090113572892,-0.024531024531024515,-0.02298850574712652,-0.06187517380953167,-0.03666540475678426,254,56
0.5,51,dp_global,1.0,0.3,0.8130081300813008,0.8117055084745763,-0.37739463601532564,0.17543859649122806,-0.423450751844575,-0.008852016446262323,123,36,0.7755905511811023,0.7747470986160243,-0.29743867243867245,-0.07701149425287357,-0.3167181905677445,-0.21644744777847247,254,56
0.5,51,dp_global,3.0,0.3,0.8211382113821138,0.8201800847457628,-0.36590038314176243,0.17543859649122806,-0.39854623541201206,0.049516394870346314,123,36,0.7677165354330708,0.7671135108297648,-0.24152236652236647,-0.05977011494252882,-0.26248847075514864,-0.14842920256350411,254,56
0.5,51,dp_global,10.0,0.3,0.7886178861788617,0.7876059322033898,-0.2873563218390805,0.21052631578947367,-0.2564687286213132,0.17970973350117003,123,36,0.7519685039370079,0.7513498417426923,-0.012445887445887371,0.10804597701149432,-0.023835564370544682,0.058402331881479363,254,56
0.5,51,dp_global,30.0,0.3,0.7479674796747967,0.745895127118644,-0.08620689655172409,0.22807017543859653,-0.07844878264486083,0.2659197259842555,123,36,0.7047244094488189,0.704555327996028,0.19101731601731597,0.17701149425287355,0.17662871245219713,0.18832695421283718,254,56
0.5,51,dp_global,100.0,0.3,0.8211382113821138,0.8201800847457628,-0.36590038314176243,0.17543859649122806,-0.3460392560782799,0.17081031528857205,123,36,0.7322834645669292,0.7300316514615528,-0.14682539682539686,-0.0017241379310344307,-0.1539355289279804,-0.025198483334284538,254,56
0.5,51,dp_global,300.0,0.3,0.7886178861788617,0.7869438559322034,-0.3103448275862069,0.19298245614035092,-0.3054628587423981,0.177398326841955,123,36,0.7362204724409449,0.7333519518401291,-0.14917027417027412,-0.027586206896551668,-0.1593789425354482,-0.046478326627956035,254,56
0.5,51,dp_global,1000.0,0.3,0.7967479674796748,0.7960805084745763,-0.2758620689655173,0.21052631578947367,-0.2327949294038817,0.20955638119373043,123,36,0.7362204724409449,0.735337925898343,-0.045454545454545414,0.04137931034482767,-0.05355733392863793,0.08264174163825944,254,56
0.5,51,eo_local,1.0,0.3,0.8211382113821138,0.8201800847457628,-0.36590038314176243,0.17543859649122806,-0.4107294324484998,0.04354110157658764,123,36,0.7716535433070866,0.7704338112083411,-0.2209595959595959,-0.08563218390804606,-0.29972931814735504,-0.2029184403066555,254,56
0.5,51,eo_local,3.0,0.3,0.7967479674796748,0.7947563559322034,-0.40038314176245204,0.17543859649122806,-0.4126080790152764,0.04200803311798429,123,36,0.7874015748031497,0.7861974802954137,-0.2667748917748918,-0.17816091954022995,-0.29326119732977823,-0.19057776542225235,254,56
0.5,51,eo_local,10.0,0.3,0.8048780487804879,0.8032309322033898,-0.38888888888888884,0.17543859649122806,-0.36250505047642956,0.12474407218303307,123,36,0.7795275590551181,0.7778191522373239,-0.2182539682539683,0.039080459770114984,-0.24340246832448043,-0.10971911074339424,254,56
0.5,51,eo_local,30.0,0.3,0.7886178861788617,0.7869438559322034,-0.3103448275862069,0.19298245614035092,-0.34079690569876986,0.10711151435924571,123,36,0.7677165354330708,0.7653757835288276,-0.2435064935064935,-0.04482758620689653,-0.24792023471168073,-0.11782116543410626,254,56
0.5,51,eo_local,100.0,0.3,0.7804878048780488,0.7791313559322034,-0.2988505747126437,0.21052631578947367,-0.3286616872349256,0.12527735263837458,123,36,0.7598425196850394,0.7569974554707379,-0.21789321789321797,-0.053448275862068906,-0.230406726967138,-0.08929806819984132,254,56
0.5,51,eo_local,300.0,0.3,0.6666666666666666,0.6777012711864407,-0.3333333333333333,-0.45614035087719296,-0.306280799019694,-0.3912838236193924,123,36,0.6653543307086615,0.674083038540309,-0.29292929292929293,-0.4482758620689655,-0.27323102549537487,-0.3787021722561605,254,56
0.5,51,eo_local,1000.0,0.3,0.5121951219512195,0.5305879237288136,-0.06896551724137931,-0.08771929824561403,-0.16859840496461315,-0.22199821629693364,123,36,0.5433070866141733,0.5567554148823931,-0.09595959595959595,-0.14655172413793102,-0.15385673249253584,-0.2180314554135471,254,56
0.5,51,eo_global,1.0,0.3,0.8130081300813008,0.8117055084745763,-0.41666666666666663,0.015037593984962405,-0.42470339885347463,-0.016974506015074664,123,36,0.7834645669291339,0.7828771799168374,-0.2873376623376624,-0.07701149425287357,-0.3209128000955945,-0.2212959092958755,254,56
0.5,51,eo_global,3.0,0.3,0.8211382113821138,0.8201800847457628,-0.36590038314176243,0.17543859649122806,-0.40299576434950335,0.02914023242148578,123,36,0.7755905511811023,0.7752435921305778,-0.25432900432900435,-0.05977011494252882,-0.27647986961042614,-0.17188202003833308,254,56
0.5,51,eo_global,10.0,0.3,0.8211382113821138,0.8208421610169492,-0.342911877394636,0.19298245614035092,-0.36045659765464927,0.07364911987927081,123,36,0.7716535433070866,0.7721715385092782,-0.19606782106782106,-0.025287356321839094,-0.22176852651492535,-0.11206883562892012,254,56
0.5,51,eo_global,30.0,0.3,0.7723577235772358,0.7733050847457628,-0.13984674329501917,0.2807017543859649,-0.13881429183427108,0.2776345756327393,123,36,0.7165354330708661,0.7187364240054614,0.0579004329004329,0.17068965517241386,0.04195429359921854,0.13378359229469816,254,56
0.5,51,eo_global,100.0,0.3,0.8048780487804879,0.8038930084745763,-0.36590038314176243,0.032581453634085156,-0.35000099851362143,0.048322743384627276,123,36,0.7637795275590551,0.7635449636939118,-0.18055555555555558,-0.11781609195402298,-0.20116973541406957,-0.1252087894840649,254,56
0.5,51,eo_global,300.0,0.3,0.8211382113821138,0.8215042372881356,-0.3199233716475096,0.21052631578947367,-0.2861323093733129,0.20593496192900151,123,36,0.7480314960629921,0.7487742816359462,-0.07142857142857145,0.08448275862068966,-0.09839866848758644,0.030437056633586868,254,56
0.5,51,eo_global,1000.0,0.3,0.8130081300813008,0.8103813559322034,-0.42337164750957856,0.14035087719298245,-0.42012131427507216,0.09239842699033052,123,36,0.7755905511811023,0.7740023583441942,-0.23611111111111116,-0.027586206896551668,-0.2575263465818743,-0.0713724067662147,254,56
